Term 1,Term 2,Bigram Frequency,Context Frequency,Conditional Probability
|,Hoy,6,3131,0.0019163206643244969
Hoy,me,1,6,0.16666666666666666
me,toco,1,50,0.02
toco,tremendo,1,1,1.0
tremendo,maraton,1,1,1.0
maraton,|,1,1,1.0
|,|,1565,3131,0.4998403066113063
|,De,23,3131,0.007345895879910571
De,hecho,5,23,0.21739130434782608
hecho,jajajaj,1,8,0.125
jajajaj,|,5,5,1.0
|,Nooo,4,3131,0.0012775471095496647
Nooo,|,3,4,0.75
|,Niyo,1,3131,0.00031938677738741617
Niyo,|,1,1,1.0
|,Y,38,3131,0.012136697540721815
Y,trngo,1,39,0.02564102564102564
trngo,un,1,1,1.0
un,bn,2,25,0.08
bn,de,2,23,0.08695652173913043
de,tarea,2,85,0.023529411764705882
tarea,|,5,7,0.7142857142857143
|,Vale,7,3131,0.002235707441711913
Vale,|,2,7,0.2857142857142857
Y,luego,3,39,0.07692307692307693
luego,la,1,7,0.14285714285714285
la,otra,3,65,0.046153846153846156
otra,semana,2,5,0.4
semana,ya,1,4,0.25
ya,tengo,2,32,0.0625
tengo,examenes,1,20,0.05
examenes,|,3,3,1.0
|,Cual,2,3131,0.0006387735547748323
Cual,,1,2,0.5
,|,2,2,1.0
|,100000000,1,3131,0.00031938677738741617
100000000,peso,1,1,1.0
peso,|,1,1,1.0
|,Jajajaj,44,3131,0.01405301820504631
Jajajaj,no,2,44,0.045454545454545456
no,cierto,1,75,0.013333333333333334
cierto,|,3,4,0.75
|,Ola,10,3131,0.0031938677738741618
Ola,|,9,10,0.9
|,Ando,2,3131,0.0006387735547748323
Ando,en,1,2,0.5
en,el,6,49,0.12244897959183673
el,metro,1,32,0.03125
metro,apenas,1,1,1.0
apenas,|,1,2,0.5
|,Es,38,3131,0.012136697540721815
Es,游꼟,2,38,0.05263157894736842
游꼟,|,2,2,1.0
Y,si,1,39,0.02564102564102564
si,tengo,1,64,0.015625
tengo,libre,1,20,0.05
libre,el,1,2,0.5
el,martes,1,32,0.03125
martes,tmb,1,1,1.0
tmb,|,5,9,0.5555555555555556
|,El,11,3131,0.0035132545512615776
El,lunes,1,11,0.09090909090909091
lunes,no,1,1,1.0
no,jajaj,1,75,0.013333333333333334
jajaj,|,11,11,1.0
|,Pero,57,3131,0.01820504631108272
Pero,algo,2,57,0.03508771929824561
algo,es,1,10,0.1
es,algo,2,29,0.06896551724137931
algo,|,1,10,0.1
|,Lastima,2,3131,0.0006387735547748323
Lastima,q,2,2,1.0
q,sera,1,138,0.007246376811594203
sera,dia,1,1,1.0
dia,libre,1,4,0.25
libre,para,1,2,0.5
para,estudiar,1,7,0.14285714285714285
estudiar,:),1,4,0.25
:),|,3,3,1.0
|,Pq,17,3131,0.005429575215586075
Pq,tengo,2,17,0.11764705882352941
tengo,10000,1,20,0.05
10000,examenes,1,2,0.5
|,Esta,9,3131,0.0028744809964867456
Esta,semana,2,9,0.2222222222222222
semana,|,2,4,0.5
|,Aun,4,3131,0.0012775471095496647
Aun,no,2,4,0.5
no,he,2,75,0.02666666666666667
he,hecho,1,7,0.14285714285714285
hecho,ningun,1,8,0.125
ningun,examen,1,1,1.0
examen,|,3,8,0.375
semana,empiezan,1,4,0.25
empiezan,|,2,2,1.0
|,Me,31,3131,0.009900990099009901
Me,enferme,1,31,0.03225806451612903
enferme,|,1,1,1.0
|,Maldita,1,3131,0.00031938677738741617
Maldita,fokin,1,1,1.0
fokin,gripa,1,1,1.0
gripa,|,1,1,1.0
|,Ayuda,3,3131,0.0009581603321622484
Ayuda,|,2,3,0.6666666666666666
|,Desde,1,3131,0.00031938677738741617
Desde,la,1,1,1.0
la,ma침ana,1,65,0.015384615384615385
ma침ana,|,9,13,0.6923076923076923
|,No,77,3131,0.024592781858831046
No,puedo,1,77,0.012987012987012988
puedo,|,2,3,0.6666666666666666
|,Tengo,4,3131,0.0012775471095496647
Tengo,un,1,4,0.25
un,monton,3,25,0.12
monton,de,1,3,0.3333333333333333
|,Si,98,3131,0.03129990418396678
Si,estuve,1,98,0.01020408163265306
estuve,bn,1,1,1.0
bn,|,6,23,0.2608695652173913
Pero,ora,1,57,0.017543859649122806
ora,ya,1,1,1.0
ya,me,4,32,0.125
me,siento,1,50,0.02
siento,mal,1,4,0.25
mal,|,4,5,0.8
|,Olaola,1,3131,0.00031938677738741617
Olaola,|,1,1,1.0
|,Ya,63,3131,0.02012136697540722
Ya,estaba,1,64,0.015625
estaba,mimida,2,5,0.4
mimida,a,1,2,0.5
a,esa,2,52,0.038461538461538464
esa,hora,2,4,0.5
hora,|,3,3,1.0
|,Perdon,4,3131,0.0012775471095496647
Perdon,por,1,4,0.25
por,no,1,6,0.16666666666666666
no,ayudarte,1,75,0.013333333333333334
ayudarte,|,1,1,1.0
|,Cuales,3,3131,0.0009581603321622484
Cuales,compraste,1,3,0.3333333333333333
compraste,?,1,1,1.0
?,|,103,115,0.8956521739130435
Ya,estoy,3,64,0.046875
estoy,mejor,1,8,0.125
mejor,y,1,9,0.1111111111111111
y,mimi,1,18,0.05555555555555555
mimi,bn,1,2,0.5
|,Tu,3,3131,0.0009581603321622484
Tu,q,1,3,0.3333333333333333
q,tal,5,138,0.036231884057971016
tal,?,4,9,0.4444444444444444
Y,me,2,39,0.05128205128205128
me,muero,2,50,0.04
muero,yo,1,2,0.5
yo,de,2,13,0.15384615384615385
de,la,7,85,0.08235294117647059
la,impresion,3,65,0.046153846153846156
impresion,|,3,3,1.0
|,Igual,1,3131,0.00031938677738741617
Igual,me,1,1,1.0
me,gustaron,1,50,0.02
gustaron,mas,1,1,1.0
mas,esas,1,9,0.1111111111111111
esas,jajaj,1,1,1.0
|,XD,17,3131,0.005429575215586075
XD,|,18,18,1.0
|,Siii,31,3131,0.009900990099009901
Siii,",",2,31,0.06451612903225806
",",esta,2,60,0.03333333333333333
esta,bn,4,16,0.25
bn,feo,2,23,0.08695652173913043
feo,estar,1,4,0.25
estar,malito,1,1,1.0
malito,|,1,1,1.0
De,q,7,23,0.30434782608695654
q,cereal,1,138,0.007246376811594203
cereal,?,1,1,1.0
No,|,29,77,0.37662337662337664
|,Mucho,1,3131,0.00031938677738741617
Mucho,azucar,1,1,1.0
azucar,|,2,2,1.0
|,Para,4,3131,0.0012775471095496647
Para,mi,1,4,0.25
mi,|,1,23,0.043478260869565216
Me,empalaga,1,31,0.03225806451612903
empalaga,|,1,1,1.0
Jajajaj,|,37,44,0.8409090909090909
|,Con,4,3131,0.0012775471095496647
Con,cajeta,1,4,0.25
cajeta,|,2,2,1.0
|,Animo,13,3131,0.00415202810603641
Animo,|,10,13,0.7692307692307693
|,Nomas,5,3131,0.0015969338869370809
Nomas,cajeta,1,5,0.2
|,Dame,3,3131,0.0009581603321622484
Dame,|,2,3,0.6666666666666666
|,Xfavor,1,3131,0.00031938677738741617
Xfavor,|,1,1,1.0
Es,mi,2,38,0.05263157894736842
mi,kibble,1,23,0.043478260869565216
kibble,|,1,1,1.0
|,Jajajajaja,3,3131,0.0009581603321622484
Jajajajaja,|,3,3,1.0
Pero,como,1,57,0.017543859649122806
como,soy,1,13,0.07692307692307693
soy,R,1,4,0.25
R,|,1,1,1.0
|,Debes,1,3131,0.00031938677738741617
Debes,dsrme,1,1,1.0
dsrme,tmb,1,1,1.0
tmb,un,1,9,0.1111111111111111
un,bluebook,1,25,0.04
bluebook,|,1,1,1.0
Si,|,71,98,0.7244897959183674
|,Grasias,12,3131,0.0038326413286489938
Grasias,|,9,12,0.75
|,Poke,8,3131,0.0025550942190993293
Poke,|,7,8,0.875
No,kiero,2,77,0.025974025974025976
kiero,|,2,6,0.3333333333333333
Poke,ahora,1,8,0.125
ahora,soy,1,3,0.3333333333333333
soy,rokera,1,4,0.25
rokera,|,1,1,1.0
Hoy,no,1,6,0.16666666666666666
no,|,11,75,0.14666666666666667
El,miercoles,1,11,0.09090909090909091
miercoles,empiezan,1,1,1.0
Ayuda,dios,1,3,0.3333333333333333
dios,|,4,5,0.8
|,Jugamos,1,3131,0.00031938677738741617
Jugamos,|,1,1,1.0
|,Roblox,2,3131,0.0006387735547748323
Roblox,?,1,2,0.5
Es,q,11,38,0.2894736842105263
q,|,8,138,0.057971014492753624
|,Estoy,2,3131,0.0006387735547748323
Estoy,aburrida,1,2,0.5
aburrida,|,1,1,1.0
Pero,ya,4,57,0.07017543859649122
me,dio,3,50,0.06
dio,remordimiemto,1,3,0.3333333333333333
remordimiemto,|,1,1,1.0
Pq,|,4,17,0.23529411764705882
|,Siento,2,3131,0.0006387735547748323
Siento,q,2,2,1.0
q,no,6,138,0.043478260869565216
he,estudiado,1,7,0.14285714285714285
estudiado,|,1,1,1.0
Si,vdd,1,98,0.01020408163265306
vdd,|,5,12,0.4166666666666667
|,Tienes,4,3131,0.0012775471095496647
Tienes,cuenta,1,4,0.25
cuenta,?,1,3,0.3333333333333333
|,Create,1,3131,0.00031938677738741617
Create,|,1,1,1.0
Me,agregas,1,31,0.03225806451612903
agregas,|,1,1,1.0
|,Nose,4,3131,0.0012775471095496647
Nose,|,4,4,1.0
|,Pasa,1,3131,0.00031938677738741617
Pasa,id,1,1,1.0
id,|,1,1,1.0
|,Avr,5,3131,0.0015969338869370809
Avr,|,3,5,0.6
|,Yap,2,3131,0.0006387735547748323
Yap,|,2,2,1.0
|,Te,11,3131,0.0035132545512615776
Te,kreo,1,11,0.09090909090909091
kreo,|,3,3,1.0
|,Ma침ana,5,3131,0.0015969338869370809
Ma침ana,busquemos,1,5,0.2
busquemos,un,1,1,1.0
un,juego,2,25,0.08
juego,donde,1,4,0.25
donde,si,1,3,0.3333333333333333
si,se,2,64,0.03125
se,vea,1,49,0.02040816326530612
vea,nuestro,1,1,1.0
nuestro,mono,1,1,1.0
mono,|,1,2,0.5
|,Jajajaja,11,3131,0.0035132545512615776
Jajajaja,|,10,11,0.9090909090909091
|,Quedamos,1,3131,0.00031938677738741617
Quedamos,|,1,1,1.0
No,te,3,77,0.03896103896103896
te,odiooo,1,29,0.034482758620689655
odiooo,|,1,1,1.0
Me,diverti,1,31,0.03225806451612903
diverti,|,1,1,1.0
|,Gracias,15,3131,0.0047908016608112424
Gracias,por,1,15,0.06666666666666667
por,jugar,1,6,0.16666666666666666
jugar,|,2,5,0.4
Siii,|,28,31,0.9032258064516129
Es,adictivo,1,38,0.02631578947368421
adictivo,|,1,1,1.0
|,Jajajja,6,3131,0.0019163206643244969
Jajajja,|,6,6,1.0
|,Pobre,1,3131,0.00031938677738741617
Pobre,nana,1,1,1.0
nana,|,1,1,1.0
|,Asi,9,3131,0.0028744809964867456
Asi,cualkiera,1,9,0.1111111111111111
cualkiera,|,1,1,1.0
Me,dormi,1,31,0.03225806451612903
dormi,|,1,2,0.5
ya,desperte,1,32,0.03125
desperte,|,1,1,1.0
|,Hajaja,1,3131,0.00031938677738741617
Hajaja,|,1,1,1.0
|,Q,26,3131,0.00830405621207282
Q,so침aste,1,26,0.038461538461538464
so침aste,|,1,1,1.0
|,Bn,2,3131,0.0006387735547748323
Bn,pero,1,2,0.5
pero,no,5,14,0.35714285714285715
no,so침e,4,75,0.05333333333333334
so침e,nd,4,5,0.8
nd,|,7,8,0.875
Ya,tus,1,64,0.015625
tus,22,1,2,0.5
22,|,2,2,1.0
|,Akiii,1,3131,0.00031938677738741617
Akiii,|,1,1,1.0
Me,amaban,1,31,0.03225806451612903
amaban,|,1,1,1.0
Q,tonto,1,26,0.038461538461538464
tonto,|,1,1,1.0
Te,perdono,2,11,0.18181818181818182
perdono,|,2,2,1.0
|,Jajajajaj,7,3131,0.002235707441711913
Jajajajaj,|,7,7,1.0
|,Mira,1,3131,0.00031938677738741617
Mira,mira,1,1,1.0
mira,|,1,1,1.0
Es,el,2,38,0.05263157894736842
el,sprayy,1,32,0.03125
sprayy,|,1,1,1.0
|,A,29,3131,0.009262216544235069
A,siii,2,29,0.06896551724137931
siii,|,5,5,1.0
Si,vi,1,98,0.01020408163265306
vi,|,4,5,0.8
No,me,5,77,0.06493506493506493
me,carga,1,50,0.02
carga,|,1,1,1.0
|,Jajajajja,2,3131,0.0006387735547748323
Jajajajja,|,2,2,1.0
|,Sii,15,3131,0.0047908016608112424
Sii,|,15,15,1.0
|,Quien,4,3131,0.0012775471095496647
Quien,essss,1,4,0.25
essss,|,2,2,1.0
|,Sip,12,3131,0.0038326413286489938
Sip,|,12,12,1.0
|,Akiora,2,3131,0.0006387735547748323
Akiora,?,1,2,0.5
|,Necesito,1,3131,0.00031938677738741617
Necesito,saber,1,1,1.0
saber,kien,1,1,1.0
kien,essss,1,4,0.25
A,las,1,29,0.034482758620689655
las,9,1,17,0.058823529411764705
9,|,1,1,1.0
|,Sioke,1,3131,0.00031938677738741617
Sioke,|,1,1,1.0
Pq,queria,1,17,0.058823529411764705
queria,ver,1,1,1.0
ver,si,3,6,0.5
si,lo,3,64,0.046875
lo,topaba,1,34,0.029411764705882353
topaba,|,1,1,1.0
Pero,no,14,57,0.24561403508771928
|,Desepsionada,1,3131,0.00031938677738741617
Desepsionada,|,1,1,1.0
|,Quisieras,1,3131,0.00031938677738741617
Quisieras,|,1,1,1.0
|,Na,1,3131,0.00031938677738741617
Na,|,1,1,1.0
Pq,veo,1,17,0.058823529411764705
veo,mucho,1,2,0.5
mucho,la,1,7,0.14285714285714285
la,rosa,1,65,0.015384615384615385
rosa,jajaj,1,1,1.0
|,Silensio,1,3131,0.00031938677738741617
Silensio,|,1,1,1.0
|,X2,13,3131,0.00415202810603641
X2,|,13,13,1.0
|,Shhh,1,3131,0.00031938677738741617
Shhh,22,1,1,1.0
|,Claro,8,3131,0.0025550942190993293
Claro,|,5,8,0.625
Pero,apoco,1,57,0.017543859649122806
apoco,se,1,2,0.5
se,llama,3,49,0.061224489795918366
llama,olaf,1,4,0.25
olaf,?,1,1,1.0
?,o.o,2,115,0.017391304347826087
o.o,|,3,3,1.0
Y,tu,5,39,0.1282051282051282
tu,23,1,13,0.07692307692307693
23,jajjajj,1,1,1.0
jajjajj,|,1,1,1.0
|,En,5,3131,0.0015969338869370809
En,inclusive,1,5,0.2
inclusive,mas,1,1,1.0
mas,bn,1,9,0.1111111111111111
Ya,neni,1,64,0.015625
neni,|,6,6,1.0
Ya,vengo,1,64,0.015625
vengo,tmb,1,2,0.5
|,Hasta,2,3131,0.0006387735547748323
Hasta,ma침ana,1,2,0.5
|,Jajaja,15,3131,0.0047908016608112424
Jajaja,|,11,15,0.7333333333333333
|,Kisierasss,1,3131,0.00031938677738741617
Kisierasss,|,1,1,1.0
Hasta,eso,1,2,0.5
eso,los,1,16,0.0625
los,backrooms,1,23,0.043478260869565216
backrooms,si,1,1,1.0
si,tenian,1,64,0.015625
tenian,graficos,1,1,1.0
graficos,medio,1,1,1.0
medio,aceptables,1,2,0.5
aceptables,|,1,1,1.0
|,Toda,1,3131,0.00031938677738741617
Toda,asustada,1,1,1.0
asustada,|,1,1,1.0
|,Eiii,4,3131,0.0012775471095496647
Eiii,|,4,4,1.0
|,TT,2,3131,0.0006387735547748323
TT,|,13,13,1.0
|,Aaaa,8,3131,0.0025550942190993293
Aaaa,",",1,8,0.125
",",ojala,1,60,0.016666666666666666
ojala,me,1,1,1.0
me,hubiera,1,50,0.02
hubiera,visto,1,1,1.0
visto,",",1,5,0.2
",",bno,1,60,0.016666666666666666
bno,nimo2,1,4,0.25
nimo2,|,1,1,1.0
Es,ella,1,38,0.02631578947368421
ella,|,2,4,0.5
|,Yo,18,3131,0.005748961992973491
Yo,kiero,1,18,0.05555555555555555
kiero,q,1,6,0.16666666666666666
q,ya,3,138,0.021739130434782608
ya,termine,1,32,0.03125
termine,la,1,1,1.0
la,temporada,1,65,0.015384615384615385
temporada,de,1,1,1.0
de,examenes,1,85,0.011764705882352941
Yo,te,1,18,0.05555555555555555
te,vi,1,29,0.034482758620689655
vi,moriiiir,1,5,0.2
moriiiir,|,1,1,1.0
Me,ense침as,1,31,0.03225806451612903
ense침as,cuales,1,2,0.5
cuales,encuentras,1,2,0.5
encuentras,|,1,1,1.0
Jajajaj,oraaaa,1,44,0.022727272727272728
oraaaa,",",1,1,1.0
",",pq,1,60,0.016666666666666666
pq,dices,2,6,0.3333333333333333
dices,eso,2,6,0.3333333333333333
eso,|,7,16,0.4375
|,Destinada,1,3131,0.00031938677738741617
Destinada,a,1,1,1.0
a,tener,1,52,0.019230769230769232
tener,dieces,1,2,0.5
dieces,pq,1,1,1.0
pq,soy,1,6,0.16666666666666666
soy,un,1,4,0.25
un,10/10,1,25,0.04
10/10,xdd,1,1,1.0
xdd,|,2,2,1.0
|,Uy,3,3131,0.0009581603321622484
Uy,no,3,3,1.0
no,",",2,75,0.02666666666666667
",",la,2,60,0.03333333333333333
|,La,9,3131,0.0028744809964867456
La,vdd,2,9,0.2222222222222222
vdd,estan,1,12,0.08333333333333333
estan,bn,1,4,0.25
bn,zzz,1,23,0.043478260869565216
zzz,|,1,1,1.0
Ma침ana,tengo,1,5,0.2
tengo,un,2,20,0.1
un,examen,2,25,0.08
examen,bn,1,8,0.125
bn,dificil,1,23,0.043478260869565216
dificil,|,1,2,0.5
Es,lo,1,38,0.02631578947368421
lo,q,6,34,0.17647058823529413
q,espero,1,138,0.007246376811594203
espero,|,1,1,1.0
Ya,ni,1,64,0.015625
ni,me,1,8,0.125
me,acordaba,1,50,0.02
acordaba,|,1,1,1.0
Si,le,1,98,0.01020408163265306
le,se,1,18,0.05555555555555555
se,",",2,49,0.04081632653061224
",",pero,3,60,0.05
pero,me,2,14,0.14285714285714285
me,da,3,50,0.06
da,miedo,2,4,0.5
miedo,no,1,4,0.25
no,acordarme,1,75,0.013333333333333334
acordarme,en,1,1,1.0
el,momento,1,32,0.03125
momento,|,2,2,1.0
Aun,?,1,4,0.25
Pero,hablo,1,57,0.017543859649122806
hablo,de,1,1,1.0
de,los,5,85,0.058823529411764705
los,nuestross,1,23,0.043478260869565216
nuestross,|,1,1,1.0
|,Dios,1,3131,0.00031938677738741617
Dios,kiera,1,1,1.0
kiera,|,1,1,1.0
|,Non,2,3131,0.0006387735547748323
Non,|,2,2,1.0
Ya,a,1,64,0.015625
a,mimir,1,52,0.019230769230769232
mimir,|,2,2,1.0
|,El+tibio,1,3131,0.00031938677738741617
El+tibio,|,1,1,1.0
Cuales,hay,1,3,0.3333333333333333
hay,|,1,9,0.1111111111111111
|,Noooombre,2,3131,0.0006387735547748323
Noooombre,|,2,2,1.0
|,Deseame,1,3131,0.00031938677738741617
Deseame,suerte,1,1,1.0
suerte,aun,1,1,1.0
aun,asi,1,3,0.3333333333333333
asi,|,4,11,0.36363636363636365
|,Omggg,4,3131,0.0012775471095496647
Omggg,|,3,4,0.75
La,q,1,9,0.1111111111111111
q,pusieron,1,138,0.007246376811594203
pusieron,en,1,1,1.0
en,combi,1,49,0.02040816326530612
combi,|,2,2,1.0
|,Espero,4,3131,0.0012775471095496647
Espero,q,3,4,0.75
q,se,5,138,0.036231884057971016
se,alcance,1,49,0.02040816326530612
alcance,a,1,1,1.0
a,escuchar,1,52,0.019230769230769232
escuchar,jajaja,1,1,1.0
jajaja,|,7,7,1.0
Gracias,x,1,15,0.06666666666666667
x,tu,1,12,0.08333333333333333
tu,buenos,1,13,0.07692307692307693
buenos,deseos,1,2,0.5
deseos,|,1,1,1.0
|,Pense,1,3131,0.00031938677738741617
Pense,q,1,1,1.0
q,ni,2,138,0.014492753623188406
ni,se,1,8,0.125
se,escucharia,1,49,0.02040816326530612
escucharia,nd,1,1,1.0
Gracias,|,9,15,0.6
Si,",",3,98,0.030612244897959183
",",ya,3,60,0.05
ya,|,3,32,0.09375
|,Estuvo,1,3131,0.00031938677738741617
Estuvo,dificil,1,1,1.0
dificil,la,1,2,0.5
la,vda,2,65,0.03076923076923077
vda,|,4,6,0.6666666666666666
|,u.u,3,3131,0.0009581603321622484
u.u,|,5,5,1.0
De,vdd,2,23,0.08695652173913043
vdd,?,3,12,0.25
El,mas,2,11,0.18181818181818182
mas,kpoper,1,9,0.1111111111111111
kpoper,|,1,1,1.0
luego,negro,1,7,0.14285714285714285
negro,|,1,1,1.0
|,Siiii,9,3131,0.0028744809964867456
Siiii,TT,2,9,0.2222222222222222
|,Ojala,7,3131,0.002235707441711913
Ojala,|,4,7,0.5714285714285714
|,Saka,1,3131,0.00031938677738741617
Saka,|,1,1,1.0
|,Sopita,1,3131,0.00031938677738741617
Sopita,|,1,1,1.0
Esta,bueno,1,9,0.1111111111111111
bueno,|,5,7,0.7142857142857143
Ojala,vivir,1,7,0.14285714285714285
vivir,en,1,1,1.0
en,una,1,49,0.02040816326530612
una,casa,2,16,0.125
casa,aai,1,8,0.125
aai,|,1,1,1.0
Asi,|,1,9,0.1111111111111111
Q,tal,2,26,0.07692307692307693
tal,estuvo,1,9,0.1111111111111111
estuvo,?,1,2,0.5
Q,marca,1,26,0.038461538461538464
marca,era,1,1,1.0
era,?,1,5,0.2
|,Jajaj,5,3131,0.0015969338869370809
Jajaj,|,5,5,1.0
|,Aaa,2,3131,0.0006387735547748323
Aaa,sii,1,2,0.5
sii,|,2,3,0.6666666666666666
|,Era,1,3131,0.00031938677738741617
Era,eseee,1,1,1.0
eseee,|,1,1,1.0
|,Se,7,3131,0.002235707441711913
Se,ve,2,7,0.2857142857142857
ve,bno,1,6,0.16666666666666666
bno,|,1,4,0.25
Ma침ana,jugamo,1,5,0.2
jugamo,va,1,3,0.3333333333333333
va,|,2,10,0.2
Hoy,tengo,1,6,0.16666666666666666
tengo,q,2,20,0.1
q,estudiar,2,138,0.014492753623188406
estudiar,para,1,4,0.25
para,otro,1,7,0.14285714285714285
otro,examen,1,2,0.5
examen,q,1,8,0.125
q,tengo,2,138,0.014492753623188406
tengo,ma침ana,1,20,0.05
Si,la,1,98,0.01020408163265306
la,he,1,65,0.015384615384615385
he,probado,2,7,0.2857142857142857
probado,",",1,2,0.5
",",muy,1,60,0.016666666666666666
muy,ekis,1,10,0.1
ekis,no,1,1,1.0
no,?,3,75,0.04
|,Jajajajajj,2,3131,0.0006387735547748323
Jajajajajj,|,2,2,1.0
|,Kiasco,1,3131,0.00031938677738741617
Kiasco,|,1,1,1.0
|,Mense침as,1,3131,0.00031938677738741617
Mense침as,|,1,1,1.0
Jajajaj,graciaaaas,1,44,0.022727272727272728
graciaaaas,|,1,1,1.0
|,Cualll,1,3131,0.00031938677738741617
Cualll,|,1,1,1.0
No,he,1,77,0.012987012987012988
probado,ni,1,2,0.5
ni,la,1,8,0.125
la,buldak,1,65,0.015384615384615385
buldak,|,1,1,1.0
Ya,me,3,64,0.046875
me,los,1,50,0.02
los,acabe,1,23,0.043478260869565216
acabe,|,2,2,1.0
|,Este,3,3131,0.0009581603321622484
Este,si,1,3,0.3333333333333333
si,|,21,64,0.328125
|,Jajajjaj,3,3131,0.0009581603321622484
Jajajjaj,|,3,3,1.0
|,Deja,3,3131,0.0009581603321622484
Deja,estudio,1,3,0.3333333333333333
estudio,otro,1,1,1.0
otro,rato,1,2,0.5
rato,",",1,3,0.3333333333333333
",",es,3,60,0.05
es,a,1,29,0.034482758620689655
a,las,3,52,0.057692307692307696
las,10:30,1,17,0.058823529411764705
10:30,|,1,1,1.0
A,|,10,29,0.3448275862068966
Ya,kedo,1,64,0.015625
kedo,el,1,1,1.0
el,examen,1,32,0.03125
A,sii,1,29,0.034482758620689655
sii,",",1,3,0.3333333333333333
es,q,3,29,0.10344827586206896
q,nunca,1,138,0.007246376811594203
nunca,habia,1,2,0.5
habia,visto,2,7,0.2857142857142857
visto,q,1,5,0.2
q,dijeran,1,138,0.007246376811594203
dijeran,samyang,1,1,1.0
samyang,|,1,1,1.0
Yo,|,3,18,0.16666666666666666
|,Al,2,3131,0.0006387735547748323
Al,ver,1,2,0.5
ver,mi,1,6,0.16666666666666666
mi,examen,1,23,0.043478260869565216
examen,de,2,8,0.25
de,ayer,1,85,0.011764705882352941
ayer,y,1,4,0.25
y,de,2,18,0.1111111111111111
de,hoy,2,85,0.023529411764705882
hoy,|,1,2,0.5
|,Eso,9,3131,0.0028744809964867456
Eso,crees,1,9,0.1111111111111111
crees,tu,1,2,0.5
tu,|,1,13,0.07692307692307693
Hoy,jugamo,1,6,0.16666666666666666
jugamo,?,1,3,0.3333333333333333
|,Va,8,3131,0.0025550942190993293
Va,|,6,8,0.75
|,Panas,1,3131,0.00031938677738741617
Panas,|,1,1,1.0
Ya,|,9,64,0.140625
Tengo,sue침o,1,4,0.25
sue침o,|,2,3,0.6666666666666666
|,Jajajajj,3,3131,0.0009581603321622484
Jajajajj,|,3,3,1.0
|,Patroclo,1,3131,0.00031938677738741617
Patroclo,|,1,1,1.0
Q,posser,1,26,0.038461538461538464
posser,|,1,1,1.0
|,Como,7,3131,0.002235707441711913
Como,no,1,7,0.14285714285714285
no,te,2,75,0.02666666666666667
te,enteraste,1,29,0.034482758620689655
enteraste,desde,1,1,1.0
desde,antes,1,2,0.5
antes,|,1,1,1.0
Ya,se,2,64,0.03125
se,me,1,49,0.02040816326530612
me,hizo,1,50,0.02
hizo,|,1,1,1.0
Y,como,1,39,0.02564102564102564
como,q,1,13,0.07692307692307693
q,gllit,1,138,0.007246376811594203
gllit,|,1,1,1.0
|,Mmm,5,3131,0.0015969338869370809
Mmm,no,1,5,0.2
|,Lol,3,3131,0.0009581603321622484
Lol,q,2,3,0.6666666666666666
q,noob,1,138,0.007246376811594203
noob,|,1,1,1.0
|,Sacaaaaa,2,3131,0.0006387735547748323
Sacaaaaa,|,2,2,1.0
Roblox,|,1,2,0.5
Q,cuteee,1,26,0.038461538461538464
cuteee,|,1,1,1.0
|,Estot,1,3131,0.00031938677738741617
Estot,haciendo,1,1,1.0
haciendo,padtel,1,3,0.3333333333333333
padtel,|,1,1,1.0
|,Pastel,1,3131,0.00031938677738741617
Pastel,|,1,1,1.0
|,Go,3,3131,0.0009581603321622484
Go,|,2,3,0.6666666666666666
|,UlisesJuega17,1,3131,0.00031938677738741617
UlisesJuega17,-.-,1,1,1.0
-.-,|,1,1,1.0
Esta,feo,1,9,0.1111111111111111
feo,|,2,4,0.5
|,O,13,3131,0.00415202810603641
O,sea,5,13,0.38461538461538464
sea,ese,1,8,0.125
ese,juego,1,4,0.25
juego,|,1,4,0.25
De,eso,1,23,0.043478260869565216
eso,",",1,16,0.0625
",",nomas,1,60,0.016666666666666666
nomas,pones,1,6,0.16666666666666666
pones,a,1,2,0.5
a,tu,1,52,0.019230769230769232
tu,mono,1,13,0.07692307692307693
mono,a,1,2,0.5
a,bailar,1,52,0.019230769230769232
bailar,kpop,1,1,1.0
kpop,|,1,1,1.0
Y,ya,3,39,0.07692307692307693
ya,",",2,32,0.0625
",",no,1,60,0.016666666666666666
no,puedes,1,75,0.013333333333333334
puedes,hacer,1,5,0.2
hacer,nd,1,5,0.2
nd,mas,1,8,0.125
mas,|,1,9,0.1111111111111111
No,le,1,77,0.012987012987012988
le,saben,1,18,0.05555555555555555
saben,|,1,1,1.0
La,vida,1,9,0.1111111111111111
vida,de,4,7,0.5714285714285714
de,un,4,85,0.047058823529411764
un,otaku,3,25,0.12
otaku,jajajaj,1,3,0.3333333333333333
|,Ei,2,3131,0.0006387735547748323
Ei,|,2,2,1.0
|,Kedo,1,3131,0.00031938677738741617
Kedo,sp,1,1,1.0
sp,bn,1,3,0.3333333333333333
bn,vda,1,23,0.043478260869565216
|,Los,1,3131,0.00031938677738741617
Los,creditos,1,1,1.0
creditos,jajaja,1,1,1.0
|,Tal,4,3131,0.0012775471095496647
Tal,vez,4,4,1.0
vez,|,6,7,0.8571428571428571
Me,kede,1,31,0.03225806451612903
kede,dormida,1,1,1.0
dormida,|,1,1,1.0
|,Jajajqjqj,1,3131,0.00031938677738741617
Jajajqjqj,|,1,1,1.0
|,Buenos,3,3131,0.0009581603321622484
Buenos,dias,3,3,1.0
dias,|,2,4,0.5
|,Que,18,3131,0.005748961992973491
Que,|,5,18,0.2777777777777778
No,x,1,77,0.012987012987012988
x,favor,1,12,0.08333333333333333
favor,|,1,2,0.5
|,Queee,1,3131,0.00031938677738741617
Queee,|,1,1,1.0
|,Hay,5,3131,0.0015969338869370809
Hay,q,4,5,0.8
q,comprobarlo,1,138,0.007246376811594203
comprobarlo,|,1,1,1.0
|,Ekis,2,3131,0.0006387735547748323
Ekis,|,2,2,1.0
|,Sabe,1,3131,0.00031938677738741617
Sabe,|,1,1,1.0
|,Donde,5,3131,0.0015969338869370809
Donde,los,1,5,0.2
los,venden,1,23,0.043478260869565216
venden,o,1,3,0.3333333333333333
o,k,1,9,0.1111111111111111
k,|,1,3,0.3333333333333333
Ya,no,5,64,0.078125
no,kiero,1,75,0.013333333333333334
kiero,hacer,1,6,0.16666666666666666
hacer,tarea,2,5,0.4
Que,dijistes,1,18,0.05555555555555555
dijistes,|,1,1,1.0
Aaaa,|,6,8,0.75
q,jugar,1,138,0.007246376811594203
q,debemos,1,138,0.007246376811594203
debemos,tener,1,1,1.0
tener,15,1,2,0.5
15,dias,1,1,1.0
dias,de,1,4,0.25
de,antiguedad,1,85,0.011764705882352941
antiguedad,en,1,1,1.0
el,roblo,2,32,0.0625
roblo,|,1,2,0.5
|,Mi,4,3131,0.0012775471095496647
Mi,tareaaa,1,4,0.25
tareaaa,|,1,1,1.0
|,Esmuchaaaa,1,3131,0.00031938677738741617
Esmuchaaaa,|,1,1,1.0
|,:0,3,3131,0.0009581603321622484
:0,|,3,3,1.0
Eso,es,1,9,0.1111111111111111
es,vdd,1,29,0.034482758620689655
Eso,hago,1,9,0.1111111111111111
hago,|,1,2,0.5
|,Voy,3,3131,0.0009581603321622484
Voy,a,2,3,0.6666666666666666
a,comer,1,52,0.019230769230769232
comer,un,1,2,0.5
un,yogurt,1,25,0.04
yogurt,orita,1,1,1.0
orita,|,1,2,0.5
|,Kisiese,2,3131,0.0006387735547748323
Kisiese,|,2,2,1.0
no,se,9,75,0.12
se,si,3,49,0.061224489795918366
si,sea,1,64,0.015625
sea,prudente,1,8,0.125
prudente,|,1,1,1.0
Voy,|,1,3,0.3333333333333333
me,gustan,3,50,0.06
gustan,los,1,3,0.3333333333333333
los,lacteos,1,23,0.043478260869565216
lacteos,de,1,1,1.0
de,fresa,1,85,0.011764705882352941
fresa,|,1,1,1.0
|,Bueno,7,3131,0.002235707441711913
Bueno,|,4,7,0.5714285714285714
|,Orita,2,3131,0.0006387735547748323
Orita,|,1,2,0.5
|,Tenia,1,3131,0.00031938677738741617
Tenia,mucho,1,1,1.0
mucho,sue침o,1,7,0.14285714285714285
sue침o,u.u,1,3,0.3333333333333333
Que,fue,2,18,0.1111111111111111
fue,|,2,7,0.2857142857142857
|,Mimi,3,3131,0.0009581603321622484
Mimi,bn,2,3,0.6666666666666666
bn,y,1,23,0.043478260869565216
y,no,1,18,0.05555555555555555
|,Avrlo,1,3131,0.00031938677738741617
Avrlo,|,1,1,1.0
me,convence,1,50,0.02
convence,|,1,1,1.0
Esta,muy,2,9,0.2222222222222222
muy,siok,1,10,0.1
siok,la,1,1,1.0
la,historia,1,65,0.015384615384615385
historia,|,1,1,1.0
Pero,juguemoslo,1,57,0.017543859649122806
juguemoslo,avr,1,1,1.0
avr,q,1,1,1.0
tal,|,2,9,0.2222222222222222
Aun,me,1,4,0.25
me,falta,1,50,0.02
falta,un,1,2,0.5
monton,|,2,3,0.6666666666666666
No,m,1,77,0.012987012987012988
m,lo,1,1,1.0
lo,recuerdes,1,34,0.029411764705882353
recuerdes,|,1,1,1.0
Yo,si,1,18,0.05555555555555555
si,vi,1,64,0.015625
Siiii,|,7,9,0.7777777777777778
No,es,3,77,0.03896103896103896
es,real,1,29,0.034482758620689655
real,|,4,4,1.0
|,Yokreo,1,3131,0.00031938677738741617
Yokreo,|,1,1,1.0
No,se,7,77,0.09090909090909091
",",tal,1,60,0.016666666666666666
tal,vez,1,9,0.1111111111111111
|,Notekreo,1,3131,0.00031938677738741617
Notekreo,|,1,1,1.0
|,Chi,7,3131,0.002235707441711913
Chi,|,7,7,1.0
Gracias,neni,1,15,0.06666666666666667
Que,caro,1,18,0.05555555555555555
caro,|,2,2,1.0
|,Boomer,2,3131,0.0006387735547748323
Boomer,|,2,2,1.0
Si,claro,1,98,0.01020408163265306
claro,|,1,2,0.5
Que,miedo,1,18,0.05555555555555555
miedo,|,2,4,0.5
Mi,termo,1,4,0.25
termo,|,1,1,1.0
A,mi,3,29,0.10344827586206896
mi,me,2,23,0.08695652173913043
dio,|,1,3,0.3333333333333333
|,Mas,3,3131,0.0009581603321622484
Mas,|,1,3,0.3333333333333333
Me,mori,1,31,0.03225806451612903
mori,de,1,1,1.0
Jajajaja,pq,1,11,0.09090909090909091
eso,?,2,16,0.125
a,comerrrr,1,52,0.019230769230769232
comerrrr,|,1,1,1.0
|,Esperateee,1,3131,0.00031938677738741617
Esperateee,|,1,1,1.0
Donde,|,1,5,0.2
|,Sincro,1,3131,0.00031938677738741617
Sincro,|,1,1,1.0
|,:),1,3131,0.00031938677738741617
|,Sobre,2,3131,0.0006387735547748323
Sobre,todo,1,2,0.5
todo,por,1,2,0.5
por,la,1,6,0.16666666666666666
la,vida,6,65,0.09230769230769231
otaku,|,1,3,0.3333333333333333
Jajajaj,kien,2,44,0.045454545454545456
kien,sabeee,2,4,0.5
sabeee,|,1,2,0.5
No,vi,1,77,0.012987012987012988
|,Seguro,1,3131,0.00031938677738741617
Seguro,me,1,1,1.0
me,rechazo,1,50,0.02
rechazo,|,1,1,1.0
|,Jajsjsja,1,3131,0.00031938677738741617
Jajsjsja,|,1,1,1.0
q,irse,1,138,0.007246376811594203
irse,x,1,1,1.0
x,el,2,12,0.16666666666666666
el,mal,1,32,0.03125
Me,recordaste,2,31,0.06451612903225806
recordaste,el,1,2,0.5
el,ark,1,32,0.03125
ark,",",1,1,1.0
",",ves,1,60,0.016666666666666666
ves,q,1,2,0.5
q,eran,1,138,0.007246376811594203
eran,juveniles,1,1,1.0
juveniles,ahi,1,1,1.0
ahi,tmb,1,3,0.3333333333333333
Yo,solo,1,18,0.05555555555555555
solo,kiero,1,4,0.25
kiero,lo,1,6,0.16666666666666666
q,todos,2,138,0.014492753623188406
todos,queremos,1,2,0.5
queremos,una,1,1,1.0
una,cuenta,1,16,0.0625
cuenta,con,1,3,0.3333333333333333
con,mucho,1,6,0.16666666666666666
mucho,ceros,1,7,0.14285714285714285
ceros,|,1,1,1.0
Yo,tmb,2,18,0.1111111111111111
bn,pero,1,23,0.043478260869565216
dias,chika,1,4,0.25
chika,|,8,10,0.8
Ya,llegue,1,64,0.015625
llegue,|,1,2,0.5
|,Tiene,1,3131,0.00031938677738741617
Tiene,poco,1,1,1.0
poco,|,1,2,0.5
Como,1,1,7,0.14285714285714285
1,hora,1,1,1.0
Gracias,a,2,15,0.13333333333333333
a,dios,3,52,0.057692307692307696
|,Pues,4,3131,0.0012775471095496647
Pues,ya,1,4,0.25
ya,ves,1,32,0.03125
ves,TT,1,2,0.5
|,Bien,4,3131,0.0012775471095496647
Bien,y,2,4,0.5
y,a,2,18,0.1111111111111111
a,ti,4,52,0.07692307692307693
ti,?,3,4,0.75
Pero,desde,1,57,0.017543859649122806
desde,q,1,2,0.5
q,jugue,1,138,0.007246376811594203
jugue,la,1,1,1.0
otaku,",",1,3,0.3333333333333333
ya,no,2,32,0.0625
no,le,3,75,0.04
le,tengo,1,18,0.05555555555555555
tengo,fe,1,20,0.05
fe,al,1,1,1.0
al,roblox,1,8,0.125
roblox,|,2,2,1.0
|,Ooo,4,3131,0.0012775471095496647
Ooo,|,4,4,1.0
|,Deberian,2,3131,0.0006387735547748323
Deberian,hacer,1,2,0.5
hacer,un,1,5,0.2
juego,asi,1,4,0.25
Y,jugar,1,39,0.02564102564102564
jugar,roblox,1,5,0.2
|,NoOoooOoooo,1,3131,0.00031938677738741617
NoOoooOoooo,|,1,1,1.0
no,puedo,1,75,0.013333333333333334
|,Ahorita,2,3131,0.0006387735547748323
Ahorita,ya,2,2,1.0
ya,acabe,1,32,0.03125
tengo,sue침o,1,20,0.05
|,Jajjaja,1,3131,0.00031938677738741617
Jajjaja,|,1,1,1.0
|,Vaaa,1,3131,0.00031938677738741617
Vaaa,|,1,1,1.0
A,lo,1,29,0.034482758620689655
lo,mejor,1,34,0.029411764705882353
mejor,si,1,9,0.1111111111111111
algo,basico,1,10,0.1
basico,|,1,1,1.0
Y,q,2,39,0.05128205128205128
|,Ps,3,3131,0.0009581603321622484
Ps,si,1,3,0.3333333333333333
Me,pregunto,1,31,0.03225806451612903
pregunto,si,1,1,1.0
si,habra,1,64,0.015625
habra,de,1,1,1.0
de,esos,1,85,0.011764705882352941
esos,para,1,1,1.0
para,mi,1,7,0.14285714285714285
mi,carrera,1,23,0.043478260869565216
carrera,|,1,1,1.0
|,Un,4,3131,0.0012775471095496647
Un,ojo,1,4,0.25
ojo,de,1,2,0.5
la,cara,1,65,0.015384615384615385
cara,|,1,2,0.5
|,Ejo,1,3131,0.00031938677738741617
Ejo,ji,1,1,1.0
ji,|,1,1,1.0
|,Foraneos,1,3131,0.00031938677738741617
Foraneos,|,1,1,1.0
|,Caro,1,3131,0.00031938677738741617
Caro,|,1,1,1.0
|,Expensive,1,3131,0.00031938677738741617
Expensive,|,1,1,1.0
|,Cheap,1,3131,0.00031938677738741617
Cheap,|,1,1,1.0
A,si,2,29,0.06896551724137931
si,a,2,64,0.03125
a,si,1,52,0.019230769230769232
Ps,botate,1,3,0.3333333333333333
botate,|,1,1,1.0
|,Por,2,3131,0.0006387735547748323
Por,eso,1,2,0.5
eso,se,1,16,0.0625
se,duermen,1,49,0.02040816326530612
duermen,|,1,1,1.0
Con,dengue,1,4,0.25
dengue,|,1,1,1.0
|,Bendiciones,1,3131,0.00031938677738741617
Bendiciones,|,1,1,1.0
q,embeses,1,138,0.007246376811594203
embeses,si,1,3,0.3333333333333333
se,pasan,1,49,0.02040816326530612
pasan,|,1,1,1.0
|,Onta,1,3131,0.00031938677738741617
Onta,?,2,2,1.0
|,Sigo,2,3131,0.0006387735547748323
Sigo,en,1,2,0.5
en,la,10,49,0.20408163265306123
la,escuelaaaaaa,1,65,0.015384615384615385
escuelaaaaaa,|,1,1,1.0
|,Perfecto,1,3131,0.00031938677738741617
Perfecto,|,1,1,1.0
Que,me,1,18,0.05555555555555555
me,vas,1,50,0.02
vas,a,1,1,1.0
a,regalar,1,52,0.019230769230769232
regalar,?,1,1,1.0
Dame,opciones,1,3,0.3333333333333333
opciones,|,1,1,1.0
|,Jqjajaj,1,3131,0.00031938677738741617
Jqjajaj,me,1,1,1.0
da,mucha,1,4,0.25
mucha,risa,1,1,1.0
risa,cuando,1,1,1.0
cuando,pones,1,3,0.3333333333333333
pones,eso,1,2,0.5
|,Botate,1,3131,0.00031938677738741617
Botate,|,1,1,1.0
|,Toy,1,3131,0.00031938677738741617
Toy,cansaa,1,1,1.0
cansaa,|,2,2,1.0
Ya,dormire,2,64,0.03125
dormire,|,2,2,1.0
Pero,toy,1,57,0.017543859649122806
toy,cansaa,1,3,0.3333333333333333
Grasias,chika,2,12,0.16666666666666666
Pero,deja,1,57,0.017543859649122806
deja,mimir,1,3,0.3333333333333333
|,Adios,2,3131,0.0006387735547748323
Adios,|,2,2,1.0
|,Vere,1,3131,0.00031938677738741617
Vere,mi,1,1,1.0
mi,asmr,1,23,0.043478260869565216
asmr,artist,1,1,1.0
artist,favorito,1,1,1.0
favorito,|,1,1,1.0
Es,|,3,38,0.07894736842105263
Ya,lo,4,64,0.0625
lo,cambie,2,34,0.058823529411764705
cambie,|,2,2,1.0
|,Ahora,1,3131,0.00031938677738741617
Ahora,es,1,1,1.0
es,|,1,29,0.034482758620689655
|,...,1,3131,0.00031938677738741617
...,|,1,1,1.0
el,|,1,32,0.03125
|,Mol,1,3131,0.00031938677738741617
Mol,|,1,1,1.0
Me,cayo,1,31,0.03225806451612903
cayo,muy,1,1,1.0
muy,bn,2,10,0.2
|,Nuestro,1,3131,0.00031938677738741617
Nuestro,|,1,1,1.0
Me,recordo,1,31,0.03225806451612903
recordo,al,1,1,1.0
al,solo,1,8,0.125
solo,de,1,4,0.25
de,yeojun,1,85,0.011764705882352941
yeojun,|,1,1,1.0
Me,cacheteo,1,31,0.03225806451612903
cacheteo,|,2,2,1.0
|,Apoko,3,3131,0.0009581603321622484
Apoko,?,1,3,0.3333333333333333
?,Nosabia,1,115,0.008695652173913044
Nosabia,|,1,1,1.0
|,Nos,2,3131,0.0006387735547748323
Nos,cacheteo,1,2,0.5
|,Mandaselo,1,3131,0.00031938677738741617
Mandaselo,jajaj,1,1,1.0
|,100%,1,3131,0.00031938677738741617
100%,real,1,1,1.0
Pero,esa,1,57,0.017543859649122806
esa,es,1,4,0.25
es,canon,1,29,0.034482758620689655
canon,|,2,2,1.0
|,Ey,2,3131,0.0006387735547748323
Ey,ola,1,2,0.5
ola,|,1,1,1.0
|,Akii,1,3131,0.00031938677738741617
Akii,|,1,1,1.0
Me,vicie,1,31,0.03225806451612903
vicie,|,1,1,1.0
|,Ocupaba,1,3131,0.00031938677738741617
Ocupaba,jugar,1,1,1.0
jugar,en,1,5,0.2
en,las,1,49,0.02040816326530612
las,sillas,1,17,0.058823529411764705
sillas,|,1,1,1.0
no,pule,1,75,0.013333333333333334
pule,|,1,1,1.0
Mmm,|,2,5,0.4
te,creaaas,1,29,0.034482758620689655
creaaas,|,1,1,1.0
Eso,si,5,9,0.5555555555555556
Pero,ese,1,57,0.017543859649122806
ese,estaba,1,4,0.25
estaba,bn,1,5,0.2
feo,jajajaj,1,4,0.25
|,si,1,3131,0.00031938677738741617
|,hola,1,3131,0.00031938677738741617
hola,estoy,1,1,1.0
estoy,en,5,8,0.625
en,escuela,1,49,0.02040816326530612
escuela,|,3,6,0.5
|,ya,1,3131,0.00031938677738741617
me,kiero,1,50,0.02
kiero,ir,1,6,0.16666666666666666
ir,|,1,1,1.0
|,Expuse,1,3131,0.00031938677738741617
Expuse,nomas,1,1,1.0
nomas,|,2,6,0.3333333333333333
Pero,creo,1,57,0.017543859649122806
creo,q,6,11,0.5454545454545454
q,me,3,138,0.021739130434782608
me,fue,1,50,0.02
fue,bien,1,7,0.14285714285714285
bien,|,7,14,0.5
|,Ve,1,3131,0.00031938677738741617
Ve,preparando,1,1,1.0
preparando,mis,1,1,1.0
mis,robux,1,2,0.5
robux,|,1,1,1.0
Estoy,triste,1,2,0.5
triste,|,1,1,1.0
En,q,1,5,0.2
se,|,6,49,0.12244897959183673
no,seee,2,75,0.02666666666666667
seee,|,3,4,0.75
Para,ma침ana,1,4,0.25
|,Quiza,1,3131,0.00031938677738741617
Quiza,|,1,1,1.0
Y,ps,1,39,0.02564102564102564
ps,aki,1,3,0.3333333333333333
aki,andamos,1,3,0.3333333333333333
andamos,|,1,1,1.0
le,he,1,18,0.05555555555555555
he,dicho,1,7,0.14285714285714285
dicho,a,1,1,1.0
a,nadie,1,52,0.019230769230769232
nadie,|,1,2,0.5
|,X,1,3131,0.00031938677738741617
X,eso,1,2,0.5
eso,gracias,1,16,0.0625
gracias,|,5,6,0.8333333333333334
Pero,bno,1,57,0.017543859649122806
bno,al,1,4,0.25
al,menos,1,8,0.125
menos,ya,1,2,0.5
ya,estoy,2,32,0.0625
el,hogar,1,32,0.03125
hogar,|,1,1,1.0
Si,jajajaj,1,98,0.01020408163265306
|,Frey,2,3131,0.0006387735547748323
Frey,no,1,2,0.5
no,esta,1,75,0.013333333333333334
esta,|,1,16,0.0625
|,Anda,3,3131,0.0009581603321622484
Anda,chambeando,1,3,0.3333333333333333
chambeando,|,1,1,1.0
|,Jajajj,2,3131,0.0006387735547748323
Jajajj,|,2,2,1.0
Ya,toy,2,64,0.03125
toy,mejor,1,3,0.3333333333333333
mejor,|,3,9,0.3333333333333333
Go,go,1,3,0.3333333333333333
go,go,1,2,0.5
go,falto,1,2,0.5
falto,nomas,1,1,1.0
|,Sim,3,3131,0.0009581603321622484
Sim,|,3,3,1.0
Q,se,1,26,0.038461538461538464
se,preparo,1,49,0.02040816326530612
preparo,?,1,1,1.0
fue,que,1,7,0.14285714285714285
que,fue,1,20,0.05
Q,riko,1,26,0.038461538461538464
riko,|,1,1,1.0
El,perrito,1,11,0.09090909090909091
perrito,|,1,1,1.0
|,Antes,1,3131,0.00031938677738741617
Antes,de,1,1,1.0
de,devorartelo,1,85,0.011764705882352941
devorartelo,todo,1,1,1.0
todo,|,1,2,0.5
|,Jajaka,1,3131,0.00031938677738741617
Jajaka,me,1,1,1.0
me,ense침as,1,50,0.02
ense침as,si,1,2,0.5
si,si,1,64,0.015625
|,Jajajajajaj,2,3131,0.0006387735547748323
Jajajajajaj,|,2,2,1.0
Es,tu,1,38,0.02631578947368421
tu,pieza,1,13,0.07692307692307693
pieza,fav,1,1,1.0
fav,?,1,4,0.25
Asi,en,1,9,0.1111111111111111
en,un,1,49,0.02040816326530612
un,prro,1,25,0.04
prro,sticker,1,1,1.0
sticker,|,1,1,1.0
|,Vavav,1,3131,0.00031938677738741617
Vavav,|,1,1,1.0
|,Noooooo,1,3131,0.00031938677738741617
Noooooo,|,1,1,1.0
Si,sas,1,98,0.01020408163265306
sas,|,1,1,1.0
|,Uuuuu,1,3131,0.00031938677738741617
Uuuuu,jajajajjaja,1,1,1.0
jajajajjaja,|,1,1,1.0
|,Jajajajajajaja,1,3131,0.00031938677738741617
Jajajajajajaja,|,1,1,1.0
|,Umiyado,1,3131,0.00031938677738741617
Umiyado,|,1,1,1.0
Que,le,1,18,0.05555555555555555
le,dijiste,1,18,0.05555555555555555
dijiste,?,1,1,1.0
|,Miraaaa,1,3131,0.00031938677738741617
Miraaaa,|,1,1,1.0
|,Habra,1,3131,0.00031938677738741617
Habra,uno,1,1,1.0
uno,asi,1,2,0.5
asi,en,1,11,0.09090909090909091
roblo,?,1,2,0.5
|,X222,3,3131,0.0009581603321622484
X222,|,3,3,1.0
Y,siii,1,39,0.02564102564102564
|,Noo,2,3131,0.0006387735547748323
Noo,|,2,2,1.0
Me,acorde,2,31,0.06451612903225806
acorde,q,1,3,0.3333333333333333
tengo,examen,1,20,0.05
Y,tengo,1,39,0.02564102564102564
estudiar,|,1,4,0.25
Akiora,duermes,1,2,0.5
duermes,?,1,1,1.0
Vale,?,1,7,0.14285714285714285
|,Okok,2,3131,0.0006387735547748323
Okok,|,1,2,0.5
|,Provechito,2,3131,0.0006387735547748323
Provechito,|,2,2,1.0
Gracias,jajaja,1,15,0.06666666666666667
|,Cada,1,3131,0.00031938677738741617
Cada,dia,1,1,1.0
dia,mas,1,4,0.25
mas,boomer,1,9,0.1111111111111111
boomer,omg,1,1,1.0
omg,|,3,3,1.0
",",dormi,1,60,0.016666666666666666
dormi,bien,1,2,0.5
bien,pero,1,14,0.07142857142857142
so침e,nada,1,5,0.2
nada,|,4,8,0.5
tu,?,4,13,0.3076923076923077
Ey,q,1,2,0.5
q,pasa,1,138,0.007246376811594203
pasa,|,1,3,0.3333333333333333
|,He,1,3131,0.00031938677738741617
He,estado,1,1,1.0
estado,ocupada,1,2,0.5
ocupada,|,1,1,1.0
No,puelo,2,77,0.025974025974025976
puelo,|,2,2,1.0
Me,regalaron,1,31,0.03225806451612903
regalaron,un,1,1,1.0
un,lighstickkkkk,1,25,0.04
lighstickkkkk,|,1,1,1.0
|,Literalmente,1,3131,0.00031938677738741617
Literalmente,llore,1,1,1.0
llore,|,1,1,1.0
Frey,|,1,2,0.5
Que,no,1,18,0.05555555555555555
no,puedooo,1,75,0.013333333333333334
puedooo,|,1,1,1.0
|,Nombre,1,3131,0.00031938677738741617
Nombre,|,1,1,1.0
Ya,ma침ana,1,64,0.015625
ma침ana,mejor,1,13,0.07692307692307693
Si,por,1,98,0.01020408163265306
por,|,1,6,0.16666666666666666
en,casa,1,49,0.02040816326530612
casa,y,1,8,0.125
y,estuvo,1,18,0.05555555555555555
estuvo,sensiyo,1,2,0.5
sensiyo,|,1,1,1.0
|,How,1,3131,0.00031938677738741617
How,sweet,1,1,1.0
sweet,|,1,1,1.0
Si,q,1,98,0.01020408163265306
q,va,1,138,0.007246376811594203
va,?,1,10,0.1
?,?,3,115,0.02608695652173913
Al,rato,1,2,0.5
rato,lo,1,3,0.3333333333333333
lo,jugamo,1,34,0.029411764705882353
jugamo,|,1,3,0.3333333333333333
|,Kiero,1,3131,0.00031938677738741617
Kiero,|,1,1,1.0
se,dice,1,49,0.02040816326530612
dice,",",1,4,0.25
",",se,1,60,0.016666666666666666
se,hace,2,49,0.04081632653061224
hace,|,1,2,0.5
|,o.o,1,3131,0.00031938677738741617
q,literalmente,1,138,0.007246376811594203
literalmente,no,1,1,1.0
no,tengo,3,75,0.04
tengo,pc,1,20,0.05
pc,|,1,1,1.0
Mas,al,1,3,0.3333333333333333
al,rato,1,8,0.125
rato,|,1,3,0.3333333333333333
Y,yo,1,39,0.02564102564102564
yo,si,1,13,0.07692307692307693
si,llego,1,64,0.015625
llego,tempra,1,3,0.3333333333333333
tempra,|,1,1,1.0
A,veces,1,29,0.034482758620689655
veces,|,3,3,1.0
El,de,1,11,0.09090909090909091
de,giselle,1,85,0.011764705882352941
giselle,es,1,1,1.0
es,el,2,29,0.06896551724137931
el,mejor,1,32,0.03125
Q,dices,1,26,0.038461538461538464
dices,|,3,6,0.5
Vale,vale,3,7,0.42857142857142855
vale,|,3,5,0.6
|,Yayaya,1,3131,0.00031938677738741617
Yayaya,|,1,1,1.0
|,Andaba,1,3131,0.00031938677738741617
Andaba,devorando,1,1,1.0
devorando,|,1,1,1.0
|,Pqqq,1,3131,0.00031938677738741617
Pqqq,|,1,1,1.0
Te,mojaste,1,11,0.09090909090909091
mojaste,o,1,1,1.0
o,algo,2,9,0.2222222222222222
algo,?,2,10,0.2
|,Dormi,1,3131,0.00031938677738741617
Dormi,bien,1,1,1.0
bien,y,2,14,0.14285714285714285
y,tu,2,18,0.1111111111111111
tu,q,1,13,0.07692307692307693
|,Aloha,1,3131,0.00031938677738741617
Aloha,nano,1,1,1.0
nano,na,1,1,1.0
na,ha,1,1,1.0
ha,|,1,2,0.5
|,Solo,5,3131,0.0015969338869370809
Solo,el,1,5,0.2
el,inicio,1,32,0.03125
inicio,jajaj,1,1,1.0
|,Lo,7,3131,0.002235707441711913
Lo,decia,1,7,0.14285714285714285
decia,x,1,2,0.5
el,edit,1,32,0.03125
edit,|,1,1,1.0
La,musica,1,9,0.1111111111111111
musica,q,1,1,1.0
q,le,2,138,0.014492753623188406
le,ponen,1,18,0.05555555555555555
ponen,|,1,1,1.0
Q,mal,1,26,0.038461538461538464
Quien,sabe,1,4,0.25
sabe,q,1,6,0.16666666666666666
q,te,6,138,0.043478260869565216
te,enfermo,1,29,0.034482758620689655
enfermo,|,1,1,1.0
No,creo,1,77,0.012987012987012988
q,haya,1,138,0.007246376811594203
haya,sido,1,1,1.0
sido,algo,1,1,1.0
algo,helado,1,10,0.1
helado,|,1,2,0.5
O,kien,1,13,0.07692307692307693
kien,sabe,1,4,0.25
sabe,|,3,6,0.5
te,mejores,1,29,0.034482758620689655
mejores,rapido,1,1,1.0
rapido,|,1,2,0.5
Como,empieza,1,7,0.14285714285714285
empieza,?,1,1,1.0
?,Ya,1,115,0.008695652173913044
no,me,3,75,0.04
me,acuerdo,2,50,0.04
acuerdo,|,2,2,1.0
|,Maso,1,3131,0.00031938677738741617
Maso,",",1,1,1.0
",",hay,1,60,0.016666666666666666
hay,caps,1,9,0.1111111111111111
caps,buenos,1,1,1.0
buenos,y,1,2,0.5
y,otros,1,18,0.05555555555555555
otros,meh,1,3,0.3333333333333333
meh,|,2,2,1.0
Que,bueno,2,18,0.1111111111111111
q,sabor,1,138,0.007246376811594203
sabor,?,1,1,1.0
No,kreo,1,77,0.012987012987012988
O,|,5,13,0.38461538461538464
Mi,fav,1,4,0.25
fav,es,1,4,0.25
es,de,4,29,0.13793103448275862
de,keso,1,85,0.011764705882352941
keso,|,1,1,1.0
|,Yea,1,3131,0.00031938677738741617
Yea,perdone,1,1,1.0
perdone,|,1,1,1.0
|,OMG,1,3131,0.00031938677738741617
OMG,|,1,1,1.0
mi,reaccion,1,23,0.043478260869565216
reaccion,a,1,1,1.0
a,esto,1,52,0.019230769230769232
esto,|,1,2,0.5
|,Siiiii,1,3131,0.00031938677738741617
Siiiii,|,1,1,1.0
|,Holanda,1,3131,0.00031938677738741617
Holanda,",",1,1,1.0
",",queso,1,60,0.016666666666666666
queso,con,1,3,0.3333333333333333
con,zarzamora,1,6,0.16666666666666666
zarzamora,|,1,1,1.0
Esta,maso,1,9,0.1111111111111111
maso,la,1,1,1.0
El,vddero,1,11,0.09090909090909091
vddero,helado,1,1,1.0
helado,rico,1,2,0.5
rico,de,1,1,1.0
de,queso,2,85,0.023529411764705882
queso,son,1,3,0.3333333333333333
son,vendidos,1,9,0.1111111111111111
vendidos,en,1,1,1.0
la,calle,1,65,0.015384615384615385
calle,",",1,1,1.0
",",asi,2,60,0.03333333333333333
asi,como,1,11,0.09090909090909091
como,nieve,1,13,0.07692307692307693
nieve,|,1,1,1.0
|,Aja,1,3131,0.00031938677738741617
Aja,|,1,1,1.0
Pero,la,1,57,0.017543859649122806
la,de,2,65,0.03076923076923077
queso,es,1,3,0.3333333333333333
de,leche,1,85,0.011764705882352941
leche,|,1,1,1.0
Ya,voy,1,64,0.015625
voy,a,2,4,0.5
a,mi,2,52,0.038461538461538464
mi,casa,4,23,0.17391304347826086
casa,gracias,1,8,0.125
gracias,a,1,6,0.16666666666666666
|,Kien,2,3131,0.0006387735547748323
Kien,se,1,2,0.5
se,peto,1,49,0.02040816326530612
peto,?,1,1,1.0
Ojala,",",1,7,0.14285714285714285
",",sabe,1,60,0.016666666666666666
sabe,rika,1,6,0.16666666666666666
rika,|,1,1,1.0
Pero,yo,2,57,0.03508771929824561
yo,no,1,13,0.07692307692307693
no,jajaja,1,75,0.013333333333333334
|,To,1,3131,0.00031938677738741617
To,bien,1,1,1.0
Y,a,1,39,0.02564102564102564
|,Provecho,1,3131,0.00031938677738741617
Provecho,|,1,1,1.0
|,Pure,1,3131,0.00031938677738741617
Pure,de,1,1,1.0
de,q,6,85,0.07058823529411765
q,?,1,138,0.007246376811594203
Ya,los,1,64,0.015625
los,ganaron,1,23,0.043478260869565216
ganaron,|,1,1,1.0
Q,es,2,26,0.07692307692307693
es,gravy,1,29,0.034482758620689655
gravy,?,1,1,1.0
|,F,1,3131,0.00031938677738741617
F,|,1,1,1.0
Donde,lo,1,5,0.2
lo,venden,2,34,0.058823529411764705
venden,?,1,3,0.3333333333333333
|,Kierooo,1,3131,0.00031938677738741617
Kierooo,|,1,1,1.0
No,see,1,77,0.012987012987012988
see,|,1,1,1.0
No,ipota,1,77,0.012987012987012988
ipota,",",1,1,1.0
",",tranki,1,60,0.016666666666666666
tranki,|,1,1,1.0
me,deja,1,50,0.02
deja,verlo,1,3,0.3333333333333333
verlo,|,1,1,1.0
|,Ja,2,3131,0.0006387735547748323
Ja,|,1,2,0.5
Ojala,vdd,1,7,0.14285714285714285
Mimi,bien,1,3,0.3333333333333333
|,Apocooo,1,3131,0.00031938677738741617
Apocooo,|,1,1,1.0
|,Ense침amelo,1,3131,0.00031938677738741617
Ense침amelo,para,1,1,1.0
para,ver,1,7,0.14285714285714285
venden,aca,1,3,0.3333333333333333
aca,|,3,3,1.0
|,Eii,3,3131,0.0009581603321622484
Eii,|,2,3,0.6666666666666666
Y,bonitos,1,39,0.02564102564102564
bonitos,colores,1,1,1.0
colores,|,1,1,1.0
|,Jaajjaja,1,3131,0.00031938677738741617
Jaajjaja,|,1,1,1.0
muero,tmb,1,2,0.5
tmb,yo,1,9,0.1111111111111111
|,S,1,3131,0.00031938677738741617
S,|,1,1,1.0
Pq,lo,1,17,0.058823529411764705
lo,dices,1,34,0.029411764705882353
dices,o,1,6,0.16666666666666666
o,q,2,9,0.2222222222222222
No,lo,2,77,0.025974025974025976
lo,habia,2,34,0.058823529411764705
habia,vistoooo,1,7,0.14285714285714285
vistoooo,|,1,1,1.0
|,Oraaa,2,3131,0.0006387735547748323
Oraaa,|,2,2,1.0
Quien,dice,1,4,0.25
dice,|,2,4,0.5
Cuales,otros,1,3,0.3333333333333333
otros,hay,1,3,0.3333333333333333
hay,?,2,9,0.2222222222222222
Si,sabe,1,98,0.01020408163265306
sabe,a,1,6,0.16666666666666666
a,pure,1,52,0.019230769230769232
pure,de,1,1,1.0
de,kfc,1,85,0.011764705882352941
kfc,?,1,1,1.0
Ya,seee,1,64,0.015625
Pero,x,2,57,0.03508771929824561
x,eso,2,12,0.16666666666666666
Te,creo,1,11,0.09090909090909091
creo,|,2,11,0.18181818181818182
Pero,tmb,2,57,0.03508771929824561
tmb,son,1,9,0.1111111111111111
son,de,1,9,0.1111111111111111
de,pavo,1,85,0.011764705882352941
pavo,?,1,1,1.0
|,Apocoooo,1,3131,0.00031938677738741617
Apocoooo,|,1,1,1.0
me,dieron,1,50,0.02
dieron,ganas,1,1,1.0
ganas,de,1,1,1.0
de,comprarlo,1,85,0.011764705882352941
comprarlo,|,1,1,1.0
|,AUDITORIO,1,3131,0.00031938677738741617
AUDITORIO,|,1,1,1.0
|,Habria,1,3131,0.00031938677738741617
Habria,estado,1,1,1.0
estado,bno,1,2,0.5
bno,q,1,4,0.25
q,de,1,138,0.007246376811594203
de,vdd,1,85,0.011764705882352941
vdd,te,1,12,0.08333333333333333
te,hubieran,1,29,0.034482758620689655
hubieran,sacado,1,1,1.0
sacado,TT,1,1,1.0
|,Nada,5,3131,0.0015969338869370809
Nada,|,4,5,0.8
|,Mejor,3,3131,0.0009581603321622484
Mejor,me,1,3,0.3333333333333333
me,defiendo,1,50,0.02
defiendo,sola,1,1,1.0
sola,|,2,2,1.0
Pq,asi,1,17,0.058823529411764705
asi,son,1,11,0.09090909090909091
son,los,1,9,0.1111111111111111
los,hechos,1,23,0.043478260869565216
hechos,|,1,1,1.0
|,Komo,2,3131,0.0006387735547748323
Komo,|,2,2,1.0
No,cierto,1,77,0.012987012987012988
Como,va,1,7,0.14285714285714285
va,la,2,10,0.2
de,lic,1,85,0.011764705882352941
lic,?,1,1,1.0
Te,entiendo,1,11,0.09090909090909091
entiendo,|,2,3,0.6666666666666666
Ps,q,1,3,0.3333333333333333
te,digo,2,29,0.06896551724137931
digo,",",1,5,0.2
",",embeses,1,60,0.016666666666666666
embeses,esta,1,3,0.3333333333333333
bn,tryhard,1,23,0.043478260869565216
tryhard,y,1,1,1.0
y,embeses,1,18,0.05555555555555555
embeses,meh,1,3,0.3333333333333333
Si,vda,1,98,0.01020408163265306
|,Pon,1,3131,0.00031938677738741617
Pon,alarmas,1,1,1.0
alarmas,|,1,1,1.0
|,Lily,1,3131,0.00031938677738741617
Lily,suena,1,1,1.0
suena,muy,1,1,1.0
|,Conste,1,3131,0.00031938677738741617
Conste,|,1,1,1.0
mas,chefsito,1,9,0.1111111111111111
chefsito,|,1,1,1.0
|,游눎,2,3131,0.0006387735547748323
游눎,游눎,2,4,0.5
游눎,|,2,4,0.5
|,游,2,3131,0.0006387735547748323
游,|,2,2,1.0
si,tendria,1,64,0.015625
tendria,q,1,1,1.0
q,ver,1,138,0.007246376811594203
ver,|,1,6,0.16666666666666666
Mmm,yo,1,5,0.2
yo,creo,2,13,0.15384615384615385
q,un,1,138,0.007246376811594203
un,poco,1,25,0.04
poco,mas,1,2,0.5
mas,intenso,1,9,0.1111111111111111
intenso,|,1,1,1.0
|,Talves,1,3131,0.00031938677738741617
Talves,|,1,1,1.0
|,Pudiese,1,3131,0.00031938677738741617
Pudiese,ser,1,1,1.0
ser,|,1,4,0.25
Yo,kisiese,1,18,0.05555555555555555
kisiese,la,1,1,1.0
la,vdd,2,65,0.03076923076923077
Pero,me,2,57,0.03508771929824561
miedo,la,1,4,0.25
la,critika,1,65,0.015384615384615385
critika,|,1,1,1.0
Grasias,neni,1,12,0.08333333333333333
Pero,|,1,57,0.017543859649122806
te,dije,4,29,0.13793103448275862
dije,algo,1,4,0.25
algo,muy,1,10,0.1
muy,importante,1,10,0.1
importante,|,1,1,1.0
Y,es,1,39,0.02564102564102564
No,todobn,1,77,0.012987012987012988
todobn,|,1,1,1.0
No,era,1,77,0.012987012987012988
era,nd,1,5,0.2
Cual,te,1,2,0.5
te,gusta,1,29,0.034482758620689655
gusta,mas,1,5,0.2
mas,?,1,9,0.1111111111111111
Asi,q,5,9,0.5555555555555556
te,parece,2,29,0.06896551724137931
parece,eta,1,3,0.3333333333333333
eta,?,1,1,1.0
Yo,keria,1,18,0.05555555555555555
keria,la,1,2,0.5
otra,|,1,5,0.2
|,Ayudameeee,1,3131,0.00031938677738741617
Ayudameeee,|,1,1,1.0
|,Ayudame,1,3131,0.00031938677738741617
Ayudame,a,1,1,1.0
a,buscar,1,52,0.019230769230769232
buscar,|,1,1,1.0
|,Corre,1,3131,0.00031938677738741617
Corre,|,1,1,1.0
Donde,sea,1,5,0.2
sea,|,1,8,0.125
|,游뱎,1,3131,0.00031938677738741617
游뱎,游뱎,1,2,0.5
游뱎,|,1,2,0.5
Lo,acepto,1,7,0.14285714285714285
acepto,|,1,1,1.0
|,Apurate,1,3131,0.00031938677738741617
Apurate,chika,1,1,1.0
Q,no,1,26,0.038461538461538464
se,va,1,49,0.02040816326530612
va,a,4,10,0.4
a,conseguir,1,52,0.019230769230769232
conseguir,sola,1,1,1.0
En,la,2,5,0.4
la,primera,1,65,0.015384615384615385
primera,q,1,2,0.5
q,mandaste,1,138,0.007246376811594203
mandaste,jajajaja,1,1,1.0
jajajaja,|,1,1,1.0
Ya,mejor,1,64,0.015625
mejor,nd,1,9,0.1111111111111111
Ya,llegan,1,64,0.015625
llegan,|,1,1,1.0
Sigo,viva,1,2,0.5
viva,|,1,1,1.0
|,Fui,1,3131,0.00031938677738741617
Fui,a,1,1,1.0
a,cenar,1,52,0.019230769230769232
cenar,|,1,1,1.0
Ola,again,1,10,0.1
again,|,1,1,1.0
Orita,las,1,2,0.5
las,veo,1,17,0.058823529411764705
veo,|,1,2,0.5
Un,yogursito,1,4,0.25
yogursito,|,1,1,1.0
Tu,ya,1,3,0.3333333333333333
ya,cenaste,1,32,0.03125
cenaste,?,1,1,1.0
Esta,super,1,9,0.1111111111111111
super,bonita,1,1,1.0
bonita,estaaaaa,1,1,1.0
estaaaaa,TT,1,1,1.0
Por,?,1,2,0.5
Pero,esta,2,57,0.03508771929824561
esta,biennnn,1,16,0.0625
biennnn,|,1,1,1.0
|,Deveritas,1,3131,0.00031938677738741617
Deveritas,?,1,1,1.0
|,Perdone,1,3131,0.00031938677738741617
Perdone,|,1,1,1.0
Si,to,1,98,0.01020408163265306
to,bien,2,3,0.6666666666666666
Solo,q,3,5,0.6
Ando,haciendo,1,2,0.5
haciendo,una,1,3,0.3333333333333333
una,tipo,1,16,0.0625
tipo,tesis,1,1,1.0
tesis,|,3,4,0.75
me,aburri,1,50,0.02
aburri,|,1,1,1.0
q,aun,1,138,0.007246376811594203
aun,no,2,3,0.6666666666666666
no,es,2,75,0.02666666666666667
es,la,1,29,0.034482758620689655
la,tesis,2,65,0.03076923076923077
tesis,",",1,4,0.25
",",tesis,1,60,0.016666666666666666
Es,como,1,38,0.02631578947368421
como,plantear,1,13,0.07692307692307693
plantear,la,1,1,1.0
la,idea,1,65,0.015384615384615385
idea,primero,1,1,1.0
primero,|,1,1,1.0
luego,ya,1,7,0.14285714285714285
ya,q,1,32,0.03125
me,la,1,50,0.02
la,aprueben,1,65,0.015384615384615385
aprueben,ahora,1,1,1.0
ahora,si,1,3,0.3333333333333333
si,ya,1,64,0.015625
ya,va,1,32,0.03125
|,Nadie,1,3131,0.00031938677738741617
Nadie,",",1,1,1.0
es,obligatorio,1,29,0.034482758620689655
obligatorio,TT,1,1,1.0
|,Ntp,1,3131,0.00031938677738741617
Ntp,|,1,1,1.0
|,Yaaa,1,3131,0.00031938677738741617
Yaaa,|,1,1,1.0
en,mi,6,49,0.12244897959183673
casa,|,4,8,0.5
Bien,",",2,4,0.5
",",to,1,60,0.016666666666666666
|,Auchhhh,1,3131,0.00031938677738741617
Auchhhh,|,1,1,1.0
se,te,2,49,0.04081632653061224
te,enterro,1,29,0.034482758620689655
enterro,nada,1,1,1.0
nada,?,1,8,0.125
Espero,que,1,4,0.25
que,te,1,20,0.05
te,vaya,1,29,0.034482758620689655
vaya,mejor,1,1,1.0
mejor,en,1,9,0.1111111111111111
en,lo,2,49,0.04081632653061224
q,falta,1,138,0.007246376811594203
falta,del,1,2,0.5
del,dia,1,5,0.2
dia,|,1,4,0.25
sabeee,omg,1,2,0.5
|,Nokreo,1,3131,0.00031938677738741617
Nokreo,|,1,1,1.0
|,Ay,3,3131,0.0009581603321622484
Ay,q,1,3,0.3333333333333333
q,buenooo,1,138,0.007246376811594203
buenooo,|,1,1,1.0
Yo,pense,1,18,0.05555555555555555
pense,q,1,1,1.0
te,habia,1,29,0.034482758620689655
habia,clavado,1,7,0.14285714285714285
clavado,x.x,1,1,1.0
x.x,|,1,1,1.0
|,Senti,1,3131,0.00031938677738741617
Senti,feo,1,1,1.0
Animo,",",1,13,0.07692307692307693
",",veras,1,60,0.016666666666666666
veras,que,1,1,1.0
que,si,4,20,0.2
Animo,animo,1,13,0.07692307692307693
animo,|,1,1,1.0
|,Del,3,3131,0.0009581603321622484
Del,25,1,3,0.3333333333333333
25,de,1,3,0.3333333333333333
de,oct,1,85,0.011764705882352941
oct,creo,1,1,1.0
creo,al,1,11,0.09090909090909091
al,28,1,8,0.125
28,|,1,1,1.0
|,Helao,1,3131,0.00031938677738741617
Helao,|,1,1,1.0
No,tiene,1,77,0.012987012987012988
tiene,tampoco,1,8,0.125
tampoco,jajaj,1,2,0.5
|,04-nov,1,3131,0.00031938677738741617
04-nov,|,1,1,1.0
|,Obvio,1,3131,0.00031938677738741617
Obvio,|,1,1,1.0
te,lo,1,29,0.034482758620689655
lo,haces,1,34,0.029411764705882353
haces,?,1,3,0.3333333333333333
|,lOl,1,3131,0.00031938677738741617
lOl,|,1,1,1.0
En,fa,1,5,0.2
fa,|,1,1,1.0
Para,ayer,1,4,0.25
ayer,|,3,4,0.75
Te,creoooo,1,11,0.09090909090909091
creoooo,|,1,1,1.0
Animo,puej,1,13,0.07692307692307693
puej,|,1,1,1.0
|,Re,1,3131,0.00031938677738741617
Re,epica,1,1,1.0
epica,esa,1,1,1.0
esa,escena,1,4,0.25
escena,|,1,1,1.0
Quien,sabee,1,4,0.25
sabee,|,1,1,1.0
hecho,estaba,1,8,0.125
mimida,|,1,2,0.5
Si,cierto,1,98,0.01020408163265306
habia,olvidado,1,7,0.14285714285714285
olvidado,|,1,1,1.0
Te,diria,1,11,0.09090909090909091
diria,q,1,1,1.0
q,mejor,1,138,0.007246376811594203
mejor,ma침ana,1,9,0.1111111111111111
si,ma침ana,1,64,0.015625
ma침ana,si,1,13,0.07692307692307693
si,jajajaj,1,64,0.015625
q,creooo,1,138,0.007246376811594203
creooo,|,1,1,1.0
Q,ma침ana,1,26,0.038461538461538464
ma침ana,me,1,13,0.07692307692307693
me,toca,1,50,0.02
toca,jornada,1,1,1.0
jornada,laboral,1,1,1.0
laboral,|,1,1,1.0
sea,de,1,8,0.125
q,quedarme,1,138,0.007246376811594203
quedarme,hasta,1,1,1.0
hasta,tarde,1,2,0.5
tarde,en,1,2,0.5
la,escuela,1,65,0.015384615384615385
No,seee,1,77,0.012987012987012988
|,Depende,1,3131,0.00031938677738741617
Depende,de,1,1,1.0
un,prof,1,25,0.04
prof,|,1,1,1.0
Mejor,ma침ana,1,3,0.3333333333333333
Jajaja,si,1,15,0.06666666666666667
|,Sabes,3,3131,0.0009581603321622484
Sabes,q,1,3,0.3333333333333333
me,canso,1,50,0.02
canso,nomas,1,1,1.0
nomas,de,1,6,0.16666666666666666
de,existir,1,85,0.011764705882352941
existir,|,1,1,1.0
q,edo,1,138,0.007246376811594203
edo,|,1,1,1.0
|,Naaa,2,3131,0.0006387735547748323
Naaa,|,2,2,1.0
|,Soty,1,3131,0.00031938677738741617
Soty,supersonic,1,1,1.0
supersonic,|,1,1,1.0
|,Ni,4,3131,0.0012775471095496647
Ni,la,1,4,0.25
la,conoces,1,65,0.015384615384615385
conoces,vdd,1,1,1.0
|,Llegue,1,3131,0.00031938677738741617
Llegue,a,1,1,1.0
a,la,2,52,0.038461538461538464
la,conclusion,1,65,0.015384615384615385
conclusion,de,1,1,1.0
q,el,1,138,0.007246376811594203
el,solo,1,32,0.03125
solo,q,1,4,0.25
q,mas,1,138,0.007246376811594203
mas,me,1,9,0.1111111111111111
me,gusto,1,50,0.02
gusto,fue,1,3,0.3333333333333333
fue,el,1,7,0.14285714285714285
el,de,1,32,0.03125
de,wintar,1,85,0.011764705882352941
wintar,|,1,1,1.0
muy,buena,2,10,0.2
buena,|,3,3,1.0
Q,horror,2,26,0.07692307692307693
horror,|,2,2,1.0
|,Fuersa,3,3131,0.0009581603321622484
Fuersa,bro,2,3,0.6666666666666666
bro,|,2,2,1.0
Si,mimi,1,98,0.01020408163265306
mimi,bien,1,2,0.5
bien,",",1,14,0.07142857142857142
",",aunque,1,60,0.016666666666666666
aunque,no,1,1,1.0
no,keria,1,75,0.013333333333333334
keria,levantarme,1,2,0.5
levantarme,TT,1,1,1.0
No,so침e,1,77,0.012987012987012988
|,Suerte,1,3131,0.00031938677738741617
Suerte,|,1,1,1.0
Y,recuerda,1,39,0.02564102564102564
recuerda,chika,1,1,1.0
chika,",",1,10,0.1
",",eres,1,60,0.016666666666666666
eres,una,1,1,1.0
una,lucky,1,16,0.0625
lucky,girl,1,1,1.0
girl,syndrome,1,1,1.0
syndrome,|,1,1,1.0
|,JAJAJAJA,2,3131,0.0006387735547748323
JAJAJAJA,|,2,2,1.0
|,Busca,2,3131,0.0006387735547748323
Busca,la,1,2,0.5
la,imagennn,1,65,0.015384615384615385
imagennn,|,1,1,1.0
|,칄pico,1,3131,0.00031938677738741617
칄pico,|,1,1,1.0
Mas,claro,1,3,0.3333333333333333
claro,ni,1,2,0.5
ni,al,1,8,0.125
al,agua,1,8,0.125
agua,|,1,1,1.0
|,Olaaa,1,3131,0.00031938677738741617
Olaaa,|,1,1,1.0
Ya,le,1,64,0.015625
le,llego,1,18,0.05555555555555555
llego,?,1,3,0.3333333333333333
?,Onta,1,115,0.008695652173913044
bn,cara,1,23,0.043478260869565216
cara,ahi,1,2,0.5
ahi,|,1,3,0.3333333333333333
|,Nosotros,1,3131,0.00031938677738741617
Nosotros,|,1,1,1.0
Ya,orita,1,64,0.015625
orita,?,1,2,0.5
|,Gogog,1,3131,0.00031938677738741617
Gogog,|,1,1,1.0
|,Jajajjq,1,3131,0.00031938677738741617
Jajajjq,|,1,1,1.0
Es,mucho,1,38,0.02631578947368421
mucho,|,2,7,0.2857142857142857
no,complicao,1,75,0.013333333333333334
complicao,|,1,1,1.0
q,ma침ana,1,138,0.007246376811594203
|,Oraaaa,1,3131,0.00031938677738741617
Oraaaa,|,1,1,1.0
q,chambear,1,138,0.007246376811594203
chambear,|,1,1,1.0
|,Cuando,2,3131,0.0006387735547748323
Cuando,|,1,2,0.5
Es,vdd,1,38,0.02631578947368421
|,Acaba,1,3131,0.00031938677738741617
Acaba,el,1,1,1.0
el,prox,1,32,0.03125
prox,a침o,1,1,1.0
a침o,vda,1,3,0.3333333333333333
vda,?,1,6,0.16666666666666666
es,eso,1,29,0.034482758620689655
|,Cosas,1,3131,0.00031938677738741617
Cosas,de,1,1,1.0
de,niuyork,1,85,0.011764705882352941
niuyork,|,1,1,1.0
|,Nonooo,1,3131,0.00031938677738741617
Nonooo,|,1,1,1.0
las,10,1,17,0.058823529411764705
10,salia,1,2,0.5
salia,|,1,1,1.0
ya,estaba,1,32,0.03125
estaba,petada,1,5,0.2
petada,a,1,1,1.0
De,cuanto,1,23,0.043478260869565216
cuanto,?,2,3,0.6666666666666666
lo,vi,1,34,0.029411764705882353
Eso,fue,1,9,0.1111111111111111
fue,lo,1,7,0.14285714285714285
lo,peor,1,34,0.029411764705882353
peor,|,1,1,1.0
Y,pq,1,39,0.02564102564102564
pq,no,1,6,0.16666666666666666
no,47.5k,1,75,0.013333333333333334
47.5k,?,1,1,1.0
Jajajaj,ay,1,44,0.022727272727272728
ay,apoco,1,2,0.5
apoco,si,1,2,0.5
|,Acepto,1,3131,0.00031938677738741617
Acepto,|,1,1,1.0
Mejor,juego,1,3,0.3333333333333333
juego,dress,1,4,0.25
dress,to,1,1,1.0
to,impress,1,3,0.3333333333333333
impress,|,1,1,1.0
Cuando,vino,1,2,0.5
vino,wtf,1,1,1.0
wtf,|,1,1,1.0
Mi,bffo,1,4,0.25
bffo,",",1,1,1.0
",",como,1,60,0.016666666666666666
como,el,1,13,0.07692307692307693
el,drizzzz,1,32,0.03125
drizzzz,|,1,1,1.0
",",xfa,1,60,0.016666666666666666
xfa,|,1,1,1.0
|,Coinsido,1,3131,0.00031938677738741617
Coinsido,|,1,1,1.0
|,Aca,4,3131,0.0012775471095496647
Aca,x,1,4,0.25
x,mi,1,12,0.08333333333333333
mi,escuela,4,23,0.17391304347826086
escuela,hay,1,6,0.16666666666666666
hay,una,2,9,0.2222222222222222
una,churreria,2,16,0.125
churreria,muy,1,2,0.5
Hay,de,1,5,0.2
los,dos,1,23,0.043478260869565216
dos,|,1,2,0.5
|,Estan,3,3131,0.0009581603321622484
Estan,bn,1,3,0.3333333333333333
bn,caros,1,23,0.043478260869565216
caros,|,1,1,1.0
No,compro,1,77,0.012987012987012988
compro,|,1,1,1.0
es,asi,1,29,0.034482758620689655
asi,de,1,11,0.09090909090909091
q,",",1,138,0.007246376811594203
",",ay,1,60,0.016666666666666666
ay,los,1,2,0.5
los,vende,1,23,0.043478260869565216
vende,un,1,1,1.0
un,se침or,1,25,0.04
se침or,|,1,1,1.0
Es,una,1,38,0.02631578947368421
churreria,de,1,2,0.5
de,cadena,1,85,0.011764705882352941
cadena,|,1,1,1.0
Se,llama,1,7,0.14285714285714285
llama,don,1,4,0.25
don,porfirio,1,1,1.0
porfirio,|,1,1,1.0
Aca,igual,2,4,0.5
igual,|,1,3,0.3333333333333333
no,tanto,2,75,0.02666666666666667
tanto,|,2,2,1.0
Omggg,siii,1,4,0.25
Perdon,|,3,4,0.75
|,Porrr,1,3131,0.00031938677738741617
Porrr,|,1,1,1.0
|,Kieres,1,3131,0.00031938677738741617
Kieres,jugar,1,1,1.0
jugar,?,1,5,0.2
Pero,caro,1,57,0.017543859649122806
|,Vavava,1,3131,0.00031938677738741617
Vavava,|,1,1,1.0
Nomas,deja,1,5,0.2
deja,me,1,3,0.3333333333333333
me,llevo,1,50,0.02
llevo,mi,1,1,1.0
mi,cena,1,23,0.043478260869565216
cena,|,1,1,1.0
|,Nooombre,3,3131,0.0009581603321622484
Nooombre,|,3,3,1.0
La,vda,1,9,0.1111111111111111
vda,no,1,6,0.16666666666666666
El,dia,1,11,0.09090909090909091
dia,q,1,4,0.25
q,fui,1,138,0.007246376811594203
fui,ya,1,1,1.0
ya,tiene,2,32,0.0625
tiene,mucho,1,8,0.125
mucho,pero,1,7,0.14285714285714285
no,estaban,1,75,0.013333333333333334
estaban,a,1,2,0.5
a,30,1,52,0.019230769230769232
30,|,1,1,1.0
A,vale,1,29,0.034482758620689655
Jajaja,siii,1,15,0.06666666666666667
|,Cereal,1,3131,0.00031938677738741617
Cereal,|,1,1,1.0
Es,uno,1,38,0.02631578947368421
uno,de,1,2,0.5
de,all,1,85,0.011764705882352941
all,bran,1,1,1.0
bran,kreo,1,1,1.0
Estan,muy,1,3,0.3333333333333333
muy,fit,1,10,0.1
fit,|,1,1,1.0
gustan,|,1,3,0.3333333333333333
Pq,no,2,17,0.11764705882352941
me,empalagan,1,50,0.02
empalagan,|,1,1,1.0
Pero,si,2,57,0.03508771929824561
si,",",2,64,0.03125
",",justo,1,60,0.016666666666666666
justo,algunos,1,2,0.5
algunos,ni,1,1,1.0
ni,tienen,1,8,0.125
tienen,de,1,1,1.0
q,azucar,1,138,0.007246376811594203
Ay,si,1,3,0.3333333333333333
Si,luego,1,98,0.01020408163265306
luego,te,1,7,0.14285714285714285
te,echas,1,29,0.034482758620689655
echas,el,1,1,1.0
el,q,1,32,0.03125
q,son,1,138,0.007246376811594203
son,como,2,9,0.2222222222222222
como,galletitas,1,13,0.07692307692307693
galletitas,mini,1,1,1.0
mini,no,1,1,1.0
Ma침ana,si,1,5,0.2
si,dios,1,64,0.015625
dios,quiere,1,5,0.2
quiere,|,1,1,1.0
|,Ontas,1,3131,0.00031938677738741617
Ontas,|,1,1,1.0
Ya,te,2,64,0.03125
te,soltaron,1,29,0.034482758620689655
soltaron,?,1,1,1.0
|,Estaba,1,3131,0.00031938677738741617
Estaba,haciendo,1,1,1.0
haciendo,tarea,1,3,0.3333333333333333
|,Ainoooo,1,3131,0.00031938677738741617
Ainoooo,",",1,1,1.0
",",que,1,60,0.016666666666666666
que,le,1,20,0.05
le,paso,1,18,0.05555555555555555
paso,TT,1,2,0.5
",",yo,2,60,0.03333333333333333
yo,tengo,1,13,0.07692307692307693
Y,ahorita,1,39,0.02564102564102564
ahorita,como,1,2,0.5
como,esta,1,13,0.07692307692307693
esta,?,2,16,0.125
|,Jajajqj,2,3131,0.0006387735547748323
Jajajqj,|,2,2,1.0
|,Double,1,3131,0.00031938677738741617
Double,kill,1,1,1.0
kill,|,1,1,1.0
bueno,",",1,7,0.14285714285714285
",",pobrecita,1,60,0.016666666666666666
pobrecita,|,1,1,1.0
Eii,",",1,3,0.3333333333333333
asi,la,1,11,0.09090909090909091
vida,aca,1,7,0.14285714285714285
Fuersa,sis,1,3,0.3333333333333333
sis,|,1,1,1.0
|,Eres,2,3131,0.0006387735547748323
Eres,debil,1,2,0.5
debil,saske,1,1,1.0
saske,|,1,1,1.0
Y,en,1,39,0.02564102564102564
en,q,1,49,0.02040816326530612
q,acaba,1,138,0.007246376811594203
acaba,?,1,2,0.5
Ya,bn,1,64,0.015625
bn,tarde,1,23,0.043478260869565216
tarde,|,1,2,0.5
Es,ese,1,38,0.02631578947368421
ese,?,1,4,0.25
?,游땭,1,115,0.008695652173913044
游땭,|,1,1,1.0
Q,bueno,2,26,0.07692307692307693
|,Nourrrr,1,3131,0.00031938677738741617
Nourrrr,|,1,1,1.0
|,Cayo,1,3131,0.00031938677738741617
Cayo,muy,1,1,1.0
muy,bajo,1,10,0.1
bajo,|,1,1,1.0
tengo,tarea,1,20,0.05
Yo,bien,1,18,0.05555555555555555
bien,kenchana,1,14,0.07142857142857142
kenchana,en,1,1,1.0
la,madrugada,1,65,0.015384615384615385
madrugada,dice,1,1,1.0
Y,digo,1,39,0.02564102564102564
digo,itadakimaaaas,1,5,0.2
itadakimaaaas,|,1,1,1.0
|,Muy,3,3131,0.0009581603321622484
Muy,bueno,1,3,0.3333333333333333
|,I,1,3131,0.00031938677738741617
I,know,1,1,1.0
know,|,1,1,1.0
Yo,tengo,1,18,0.05555555555555555
tengo,tremenda,1,20,0.05
tremenda,obsesion,1,1,1.0
obsesion,|,1,1,1.0
Con,nemonemo,1,4,0.25
nemonemo,|,1,3,0.3333333333333333
Pq,la,1,17,0.058823529411764705
la,conoci,1,65,0.015384615384615385
conoci,ayer,1,1,1.0
Es,muy,1,38,0.02631578947368421
muy,jpop,1,10,0.1
jpop,|,1,1,1.0
Me,gusto,1,31,0.03225806451612903
gusto,mucho,1,3,0.3333333333333333
Me,parece,1,31,0.03225806451612903
parece,una,1,3,0.3333333333333333
una,miku,1,16,0.0625
miku,en,1,1,1.0
vida,real,2,7,0.2857142857142857
Ya,tiene,1,64,0.015625
tiene,un,1,8,0.125
un,ratote,1,25,0.04
ratote,|,1,1,1.0
Es,ex,1,38,0.02631578947368421
ex,izone,1,1,1.0
izone,|,1,2,0.5
|,Sepa,2,3131,0.0006387735547748323
Sepa,|,2,2,1.0
|,JAJJAJA,1,3131,0.00031938677738741617
JAJJAJA,|,1,1,1.0
lo,tengo,1,34,0.029411764705882353
tengo,|,2,20,0.1
|,Ira,1,3131,0.00031938677738741617
Ira,ira,1,1,1.0
ira,|,1,1,1.0
Si,puedes,1,98,0.01020408163265306
puedes,|,1,5,0.2
|,Jigumi,1,3131,0.00031938677738741617
Jigumi,|,1,1,1.0
Asi,se,1,9,0.1111111111111111
llama,jajaja,1,4,0.25
Busca,si,1,2,0.5
si,quieres,1,64,0.015625
quieres,|,1,3,0.3333333333333333
Claro,q,1,8,0.125
Si,se,1,98,0.01020408163265306
se,parecen,1,49,0.02040816326530612
parecen,pero,1,1,1.0
|,Tmb,2,3131,0.0006387735547748323
Tmb,sabes,1,2,0.5
sabes,|,1,1,1.0
Me,da,1,31,0.03225806451612903
da,vibes,1,4,0.25
vibes,de,1,1,1.0
de,ser,1,85,0.011764705882352941
ser,una,1,4,0.25
una,ai,2,16,0.125
ai,en,1,5,0.2
q,si,4,138,0.028985507246376812
si,hacen,1,64,0.015625
hacen,live,1,1,1.0
live,action,1,1,1.0
action,debe,1,1,1.0
debe,ser,1,1,1.0
ser,ai,1,4,0.25
ai,ella,1,5,0.2
Si,jajaj,1,98,0.01020408163265306
hecho,tenia,1,8,0.125
tenia,una,1,2,0.5
una,portada,1,16,0.0625
portada,q,1,1,1.0
se,le,2,49,0.04081632653061224
le,parecia,1,18,0.05555555555555555
parecia,a,2,2,1.0
a,ai,1,52,0.019230769230769232
ai,|,2,5,0.4
Deja,t,1,3,0.3333333333333333
t,la,1,1,1.0
la,ense침o,1,65,0.015384615384615385
ense침o,|,1,1,1.0
Ya,quede,1,64,0.015625
quede,|,1,1,1.0
|,Recordaba,1,3131,0.00031938677738741617
Recordaba,q,1,1,1.0
q,tenia,1,138,0.007246376811594203
tenia,rayitos,1,2,0.5
rayitos,rosas,1,1,1.0
rosas,|,1,1,1.0
Pero,bueno,1,57,0.017543859649122806
bueno,ya,1,7,0.14285714285714285
no,tiene,1,75,0.013333333333333334
tiene,caso,1,8,0.125
caso,|,1,2,0.5
Ya,la,1,64,0.015625
la,encontreee,1,65,0.015384615384615385
encontreee,|,1,1,1.0
|,Akeno,1,3131,0.00031938677738741617
Akeno,|,1,1,1.0
Y,ve,1,39,0.02564102564102564
ve,la,1,6,0.16666666666666666
la,estrella,1,65,0.015384615384615385
estrella,en,1,1,1.0
en,su,3,49,0.061224489795918366
su,ojo,1,5,0.2
ojo,|,1,2,0.5
|,Vdd,2,3131,0.0006387735547748323
Vdd,q,2,2,1.0
Deberian,hacerlo,1,2,0.5
hacerlo,|,1,1,1.0
Yo,se,1,18,0.05555555555555555
se,q,2,49,0.04081632653061224
todos,pensamos,1,2,0.5
pensamos,q,1,1,1.0
q,es,3,138,0.021739130434782608
es,una,1,29,0.034482758620689655
Me,ayudas,1,31,0.03225806451612903
ayudas,?,1,1,1.0
De,donde,1,23,0.043478260869565216
donde,la,1,3,0.3333333333333333
la,sacaste,1,65,0.015384615384615385
sacaste,?,1,1,1.0
|,Tabn,3,3131,0.0009581603321622484
Tabn,|,2,3,0.6666666666666666
Como,supiste,1,7,0.14285714285714285
supiste,|,1,1,1.0
eso,mejor,1,16,0.0625
mejor,asi,1,9,0.1111111111111111
Me,la,1,31,0.03225806451612903
la,crei,1,65,0.015384615384615385
crei,|,1,1,1.0
|,JAJAJAJ,2,3131,0.0006387735547748323
JAJAJAJ,|,1,2,0.5
|,Andas,1,3131,0.00031938677738741617
Andas,bn,1,1,1.0
bn,alucin,1,23,0.043478260869565216
alucin,|,1,1,1.0
|,Seamos,1,3131,0.00031938677738741617
Seamos,jigumis,1,1,1.0
jigumis,|,2,2,1.0
Anda,di,2,3,0.6666666666666666
di,k,2,2,1.0
k,si,2,3,0.6666666666666666
mi,tambien,1,23,0.043478260869565216
tambien,|,1,1,1.0
Eres,el,1,2,0.5
el,unico,1,32,0.03125
unico,q,1,1,1.0
q,entiende,1,138,0.007246376811594203
entiende,|,1,1,1.0
Con,q,1,4,0.25
te,picaste,1,29,0.034482758620689655
picaste,?,1,1,1.0
No,los,2,77,0.025974025974025976
los,conocia,1,23,0.043478260869565216
conocia,|,1,1,1.0
Se,ven,1,7,0.14285714285714285
ven,feos,1,2,0.5
feos,|,1,1,1.0
igual,anda,1,3,0.3333333333333333
anda,lloviendo,1,1,1.0
lloviendo,",",1,1,1.0
pero,nomas,1,14,0.07142857142857142
nomas,asi,1,6,0.16666666666666666
asi,chispitas,1,11,0.09090909090909091
chispitas,|,1,1,1.0
|,Awwww,1,3131,0.00031938677738741617
Awwww,|,1,1,1.0
|,Ame,1,3131,0.00031938677738741617
Ame,|,1,1,1.0
|,Incomodo,1,3131,0.00031938677738741617
Incomodo,|,1,1,1.0
no,ai,1,75,0.013333333333333334
ai,de,1,5,0.2
de,otra,1,85,0.011764705882352941
otra,cuando,1,5,0.2
cuando,esta,1,3,0.3333333333333333
esta,fuerte,1,16,0.0625
fuerte,|,1,1,1.0
Un,impermeable,1,4,0.25
impermeable,x,1,1,1.0
x,lo,1,12,0.08333333333333333
lo,menos,1,34,0.029411764705882353
menos,|,1,2,0.5
Kien,|,1,2,0.5
Aca,sigue,1,4,0.25
sigue,chispeando,1,1,1.0
chispeando,|,1,1,1.0
toy,en,1,3,0.3333333333333333
en,ksita,1,49,0.02040816326530612
ksita,|,1,1,1.0
",",a,1,60,0.016666666666666666
ti,q,1,4,0.25
Ja,q,1,2,0.5
q,nob,1,138,0.007246376811594203
nob,|,1,1,1.0
|,Fue,2,3131,0.0006387735547748323
Fue,coronel,1,2,0.5
coronel,|,1,1,1.0
A,donde,1,29,0.034482758620689655
donde,te,1,3,0.3333333333333333
te,llevaron,1,29,0.034482758620689655
llevaron,?,1,1,1.0
Muy,bn,1,3,0.3333333333333333
Bn,lejos,1,2,0.5
lejos,cuanto,1,1,1.0
|,Noooo,2,3131,0.0006387735547748323
Noooo,|,2,2,1.0
Okok,",",1,2,0.5
",",si,2,60,0.03333333333333333
si,esta,2,64,0.03125
esta,lejitos,1,16,0.0625
lejitos,|,1,1,1.0
Te,la,1,11,0.09090909090909091
la,paso,1,65,0.015384615384615385
paso,|,1,2,0.5
Hoy,salgo,1,6,0.16666666666666666
salgo,a,1,1,1.0
la,1:30,1,65,0.015384615384615385
1:30,|,1,1,1.0
Bueno,se,1,7,0.14285714285714285
se,supone,1,49,0.02040816326530612
supone,|,1,1,1.0
Pq,mi,1,17,0.058823529411764705
mi,profe,1,23,0.043478260869565216
profe,luego,1,2,0.5
luego,ni,1,7,0.14285714285714285
ni,viene,1,8,0.125
viene,|,1,1,1.0
Ni,si,1,4,0.25
si,quiera,1,64,0.015625
quiera,me,1,1,1.0
me,gusta,4,50,0.08
gusta,kurko,1,5,0.2
kurko,q,1,1,1.0
q,dices,2,138,0.014492753623188406
Pues,en,1,4,0.25
en,si,1,49,0.02040816326530612
si,me,4,64,0.0625
gusta,mucho,1,5,0.2
mucho,rhcp,1,7,0.14285714285714285
rhcp,|,1,1,1.0
tmb,me,1,9,0.1111111111111111
gusta,metallica,1,5,0.2
metallica,jjaja,1,1,1.0
jjaja,|,1,1,1.0
|,Aunque,1,3131,0.00031938677738741617
Aunque,siento,1,1,1.0
siento,que,1,4,0.25
que,no,2,20,0.1
no,cuenta,1,75,0.013333333333333334
cuenta,como,1,3,0.3333333333333333
como,rock,1,13,0.07692307692307693
rock,|,1,1,1.0
se,jajj,1,49,0.02040816326530612
jajj,|,1,1,1.0
",",red,1,60,0.016666666666666666
red,hot,1,1,1.0
hot,chilli,1,1,1.0
chilli,peppers,1,1,1.0
peppers,es,1,1,1.0
es,mi,1,29,0.034482758620689655
mi,fav,2,23,0.08695652173913043
fav,|,1,4,0.25
Tmb,muse,1,2,0.5
muse,me,1,1,1.0
gusta,|,1,5,0.2
Mmm,the,1,5,0.2
the,strokes,1,1,1.0
strokes,|,1,1,1.0
|,Yyy,1,3131,0.00031938677738741617
Yyy,yo,1,1,1.0
q,kings,1,138,0.007246376811594203
kings,of,1,1,1.0
of,leon,1,1,1.0
leon,|,1,1,1.0
Aaaa,xcierto,1,8,0.125
xcierto,",",1,1,1.0
ya,escuchaste,1,32,0.03125
escuchaste,la,1,3,0.3333333333333333
la,dosis,1,65,0.015384615384615385
dosis,diaria,1,1,1.0
diaria,de,1,1,1.0
de,nemonemo,1,85,0.011764705882352941
nemonemo,?,2,3,0.6666666666666666
Del,que,1,3,0.3333333333333333
que,?,1,20,0.05
|,Ok,5,3131,0.0015969338869370809
Ok,|,2,5,0.4
no,acaba,1,75,0.013333333333333334
acaba,jajaj,1,2,0.5
q,apurale,1,138,0.007246376811594203
apurale,|,1,1,1.0
Avr,si,1,5,0.2
|,Siguele,1,3131,0.00031938677738741617
Siguele,|,1,1,1.0
Q,a,1,26,0.038461538461538464
a,gusto,1,52,0.019230769230769232
gusto,|,1,3,0.3333333333333333
Yo,vengo,1,18,0.05555555555555555
vengo,en,1,2,0.5
la,combi,1,65,0.015384615384615385
|,Hace,1,3131,0.00031938677738741617
Hace,frio,1,1,1.0
frio,?,1,1,1.0
Si,te,3,98,0.030612244897959183
dije,q,2,4,0.5
q,luego,2,138,0.014492753623188406
luego,va,1,7,0.14285714285714285
escuela,?,1,6,0.16666666666666666
?,XD,1,115,0.008695652173913044
si,es,3,64,0.046875
es,medio,1,29,0.034482758620689655
medio,canon,1,2,0.5
Lo,normal,1,7,0.14285714285714285
normal,q,1,2,0.5
dije,|,1,4,0.25
Lo,recuerdo,1,7,0.14285714285714285
recuerdo,|,1,1,1.0
Como,si,1,7,0.14285714285714285
si,fuera,1,64,0.015625
fuera,ayer,1,2,0.5
Pues,si,1,4,0.25
|,Creo,4,3131,0.0012775471095496647
Creo,q,4,4,1.0
q,tiene,1,138,0.007246376811594203
tiene,su,1,8,0.125
su,novia,1,5,0.2
novia,en,1,1,1.0
|,Entonces,1,3131,0.00031938677738741617
Entonces,cuando,1,1,1.0
cuando,la,1,3,0.3333333333333333
la,va,1,65,0.015384615384615385
a,ver,2,52,0.038461538461538464
ver,se,1,6,0.16666666666666666
se,mete,1,49,0.02040816326530612
mete,|,1,1,1.0
q,llegue,1,138,0.007246376811594203
llegue,diciendo,1,2,0.5
diciendo,eyeyey,1,1,1.0
eyeyey,soy,1,1,1.0
soy,yo,1,4,0.25
yo,|,1,13,0.07692307692307693
Pues,sepa,1,4,0.25
sepa,pero,1,1,1.0
pero,hay,1,14,0.07142857142857142
hay,fotos,1,9,0.1111111111111111
fotos,de,1,3,0.3333333333333333
de,mi,1,85,0.011764705882352941
escuela,en,1,6,0.16666666666666666
su,insta,1,5,0.2
insta,",",1,1,1.0
",",creo,1,60,0.016666666666666666
sea,ya,1,8,0.125
ya,lleva,1,32,0.03125
lleva,tiempo,1,1,1.0
tiempo,aca,1,1,1.0
hecho,creo,2,8,0.25
ya,se,1,32,0.03125
se,graduo,1,49,0.02040816326530612
graduo,|,1,1,1.0
yo,joven,1,13,0.07692307692307693
joven,|,2,2,1.0
acorde,de,2,3,0.6666666666666666
de,forever,1,85,0.011764705882352941
forever,|,1,1,1.0
De,las,1,23,0.043478260869565216
las,baemon,1,17,0.058823529411764705
baemon,|,2,3,0.6666666666666666
|,Joder,2,3131,0.0006387735547748323
Joder,q,1,2,0.5
q,buen,1,138,0.007246376811594203
buen,grupo,1,1,1.0
grupo,|,1,3,0.3333333333333333
|,Aaaaa,1,3131,0.00031938677738741617
Aaaaa,|,1,1,1.0
|,Xciertooo,1,3131,0.00031938677738741617
Xciertooo,|,1,1,1.0
|,Topaste,1,3131,0.00031938677738741617
Topaste,a,1,1,1.0
las,meovv,1,17,0.058823529411764705
meovv,?,1,2,0.5
Yo,digo,1,18,0.05555555555555555
digo,q,2,5,0.4
q,ahyeon,1,138,0.007246376811594203
ahyeon,esta,1,1,1.0
esta,algo,1,16,0.0625
algo,sobrevalorada,1,10,0.1
sobrevalorada,en,1,1,1.0
en,cuanto,1,49,0.02040816326530612
cuanto,a,1,3,0.3333333333333333
a,vocal,1,52,0.019230769230769232
vocal,|,1,1,1.0
sea,si,1,8,0.125
es,buena,1,29,0.034482758620689655
Pero,has,1,57,0.017543859649122806
has,escuchado,1,1,1.0
escuchado,a,1,1,1.0
a,rami,1,52,0.019230769230769232
rami,?,1,1,1.0
q,ella,2,138,0.014492753623188406
ella,le,1,4,0.25
le,gana,1,18,0.05555555555555555
gana,facil,1,1,1.0
facil,|,1,1,1.0
|,Segun,1,3131,0.00031938677738741617
Segun,son,1,1,1.0
son,las,1,9,0.1111111111111111
las,blackpink,1,17,0.058823529411764705
blackpink,de,1,1,1.0
de,esta,1,85,0.011764705882352941
esta,gen,1,16,0.0625
gen,|,1,1,1.0
Pq,hay,1,17,0.058823529411764705
una,chika,1,16,0.0625
chika,q,1,10,0.1
llama,Ella,1,4,0.25
Ella,y,1,2,0.5
de,hecho,2,85,0.023529411764705882
hecho,hay,1,8,0.125
hay,varios,1,9,0.1111111111111111
varios,videos,1,1,1.0
videos,de,1,1,1.0
de,Ella,1,85,0.011764705882352941
Ella,con,1,2,0.5
con,bp,1,6,0.16666666666666666
bp,|,2,2,1.0
Y,decian,1,39,0.02564102564102564
decian,q,1,1,1.0
ella,se,1,4,0.25
se,parecia,1,49,0.02040816326530612
a,jennie,1,52,0.019230769230769232
jennie,|,1,2,0.5
Y,ahora,1,39,0.02564102564102564
ahora,debuto,1,3,0.3333333333333333
debuto,en,1,1,1.0
en,meovv,1,49,0.02040816326530612
meovv,|,1,2,0.5
Pero,el,1,57,0.017543859649122806
el,grupo,1,32,0.03125
grupo,ni,1,3,0.3333333333333333
ni,sono,1,8,0.125
sono,|,1,1,1.0
El,grupo,1,11,0.09090909090909091
grupo,esta,1,3,0.3333333333333333
esta,producido,1,16,0.0625
producido,por,1,1,1.0
por,black,1,6,0.16666666666666666
black,label,1,1,1.0
label,|,1,1,1.0
De,teddy,1,23,0.043478260869565216
teddy,|,1,2,0.5
|,Same,1,3131,0.00031938677738741617
Same,productor,1,1,1.0
productor,q,1,1,1.0
q,bp,1,138,0.007246376811594203
Pero,te,1,57,0.017543859649122806
le,fallo,1,18,0.05555555555555555
fallo,esta,1,1,1.0
esta,vez,1,16,0.0625
|,Ellas,1,3131,0.00031938677738741617
Ellas,nunca,1,1,1.0
nunca,lo,1,2,0.5
lo,fueron,1,34,0.029411764705882353
fueron,o,1,2,0.5
o,si,1,9,0.1111111111111111
si,?,1,64,0.015625
Nomas,x,1,5,0.2
x,ser,1,12,0.08333333333333333
ser,4,1,4,0.25
4,|,2,2,1.0
Pero,siempre,1,57,0.017543859649122806
siempre,han,1,1,1.0
han,tenido,1,1,1.0
tenido,conceptos,1,1,1.0
conceptos,bn,1,1,1.0
bn,locos,1,23,0.043478260869565216
locos,|,1,1,1.0
|,Hablando,1,3131,0.00031938677738741617
Hablando,de,1,1,1.0
de,ellas,2,85,0.023529411764705882
ellas,|,1,2,0.5
Ya,escuchaste,2,64,0.03125
escuchaste,whiplash,1,3,0.3333333333333333
whiplash,?,1,1,1.0
|,Su,1,3131,0.00031938677738741617
Su,debut,1,1,1.0
debut,se,1,1,1.0
se,llamo,1,49,0.02040816326530612
llamo,meow,1,1,1.0
meow,|,1,1,1.0
Esta,x,1,9,0.1111111111111111
x,pero,1,12,0.08333333333333333
pero,despues,1,14,0.07142857142857142
despues,le,1,1,1.0
le,agarras,1,18,0.05555555555555555
agarras,cierto,1,1,1.0
cierto,gustito,1,4,0.25
gustito,|,1,1,1.0
me,acorde,1,50,0.02
ellas,x,1,2,0.5
x,baemon,1,12,0.08333333333333333
Pq,baemon,1,17,0.058823529411764705
baemon,la,1,3,0.3333333333333333
vdd,si,1,12,0.08333333333333333
gustan,y,1,3,0.3333333333333333
y,ps,1,18,0.05555555555555555
ps,estas,1,3,0.3333333333333333
estas,chikas,1,1,1.0
chikas,no,1,2,0.5
|,Apenas,1,3131,0.00031938677738741617
Apenas,nacieron,1,1,1.0
nacieron,pero,1,1,1.0
pero,siento,1,14,0.07142857142857142
siento,q,2,4,0.5
q,les,1,138,0.007246376811594203
les,fue,1,3,0.3333333333333333
fue,mal,1,7,0.14285714285714285
mal,para,1,5,0.2
para,lo,1,7,0.14285714285714285
q,esperaban,1,138,0.007246376811594203
esperaban,|,1,1,1.0
|,Winter,1,3131,0.00031938677738741617
Winter,se,1,1,1.0
se,ve,2,49,0.04081632653061224
ve,sp,2,6,0.3333333333333333
sp,bien,1,3,0.3333333333333333
Fue,mi,1,2,0.5
fav,en,1,4,0.25
en,este,1,49,0.02040816326530612
este,concepto,1,2,0.5
concepto,|,1,1,1.0
Pero,es,1,57,0.017543859649122806
q,teddy,1,138,0.007246376811594203
teddy,segun,1,2,0.5
segun,si,1,2,0.5
si,le,1,64,0.015625
le,sabe,1,18,0.05555555555555555
recordaste,q,1,2,0.5
luego,en,1,7,0.14285714285714285
el,tiktok,1,32,0.03125
tiktok,he,1,1,1.0
he,visto,2,7,0.2857142857142857
visto,comentarios,1,5,0.2
comentarios,q,1,1,1.0
q,dicen,1,138,0.007246376811594203
dicen,q,1,1,1.0
se,imaginan,1,49,0.02040816326530612
imaginan,una,1,1,1.0
una,colab,1,16,0.0625
colab,entre,1,2,0.5
entre,rose,1,1,1.0
rose,",",1,1,1.0
",",lisa,1,60,0.016666666666666666
lisa,",",1,1,1.0
",",jennie,1,60,0.016666666666666666
jennie,y,1,2,0.5
y,jisoo,1,18,0.05555555555555555
jisoo,?,1,1,1.0
?,:,1,115,0.008695652173913044
:,00,1,1,1.0
00,|,1,1,1.0
|,SHEESH,1,3131,0.00031938677738741617
SHEESH,SHEESH,1,2,0.5
SHEESH,|,1,2,0.5
|,Imaginate,1,3131,0.00031938677738741617
Imaginate,|,1,1,1.0
La,colab,1,9,0.1111111111111111
colab,del,1,2,0.5
del,a침o,2,5,0.4
a침o,|,2,3,0.6666666666666666
Q,digo,1,26,0.038461538461538464
digo,del,1,5,0.2
Del,siglo,1,3,0.3333333333333333
siglo,|,1,1,1.0
|,Lloro,1,3131,0.00031938677738741617
Lloro,|,1,1,1.0
Q,|,2,26,0.07692307692307693
Lol,quedo,1,3,0.3333333333333333
quedo,|,1,1,1.0
No,habia,1,77,0.012987012987012988
visto,xdd,1,5,0.2
No,devoro,1,77,0.012987012987012988
devoro,|,1,1,1.0
|,Ayuno,1,3131,0.00031938677738741617
Ayuno,|,1,1,1.0
escuchaste,nemonemo,1,3,0.3333333333333333
Yo,ya,1,18,0.05555555555555555
ya,le,1,32,0.03125
le,hice,1,18,0.05555555555555555
hice,stream,1,2,0.5
stream,como,1,1,1.0
como,10000,1,13,0.07692307692307693
10000,veces,1,2,0.5
Ya,de,1,64,0.015625
de,repente,1,85,0.011764705882352941
repente,no,1,1,1.0
no,contetso,1,75,0.013333333333333334
contetso,|,1,1,1.0
es,singgg,1,29,0.034482758620689655
singgg,|,1,1,1.0
Es,SIGN,1,38,0.02631578947368421
SIGN,|,1,1,1.0
Ay,yo,1,3,0.3333333333333333
yo,tambieeeen,1,13,0.07692307692307693
tambieeeen,|,1,1,1.0
Lo,he,1,7,0.14285714285714285
visto,como,1,5,0.2
como,50,1,13,0.07692307692307693
50,veces,1,1,1.0
Te,lo,1,11,0.09090909090909091
lo,juro,1,34,0.029411764705882353
juro,|,1,1,1.0
|,Ahi,3,3131,0.0009581603321622484
Ahi,si,1,3,0.3333333333333333
esta,bien,1,16,0.0625
bien,jajaja,1,14,0.07142857142857142
q,escribiste,1,138,0.007246376811594203
escribiste,sing,1,1,1.0
sing,|,1,1,1.0
La,primera,1,9,0.1111111111111111
primera,vez,1,2,0.5
vez,pero,1,7,0.14285714285714285
pero,te,2,14,0.14285714285714285
q,era,1,138,0.007246376811594203
era,sign,1,5,0.2
sign,|,1,1,1.0
q,mal,1,138,0.007246376811594203
Muy,bien,1,3,0.3333333333333333
|,Oficialmente,1,3131,0.00031938677738741617
Oficialmente,somos,1,1,1.0
somos,jigumis,1,1,1.0
Apoko,|,1,3,0.3333333333333333
|,Luego,1,3131,0.00031938677738741617
Luego,q,1,1,1.0
q,crees,1,138,0.007246376811594203
crees,|,1,2,0.5
La,guglie,1,9,0.1111111111111111
guglie,|,1,1,1.0
Y,tiene,1,39,0.02564102564102564
tiene,25,2,8,0.25
25,omg,1,3,0.3333333333333333
sp,joven,1,3,0.3333333333333333
Apoko,no,1,3,0.3333333333333333
q,sii,1,138,0.007246376811594203
Jajaja,nooo,1,15,0.06666666666666667
nooo,|,1,1,1.0
q,todas,1,138,0.007246376811594203
todas,se,1,1,1.0
se,ven,1,49,0.02040816326530612
ven,jovenes,1,2,0.5
jovenes,|,1,1,1.0
bn,random,1,23,0.043478260869565216
random,que,1,1,1.0
que,en,1,20,0.05
en,izone,1,49,0.02040816326530612
izone,se,1,2,0.5
se,llevaran,1,49,0.02040816326530612
llevaran,tantos,1,1,1.0
tantos,a침os,1,1,1.0
a침os,de,1,1,1.0
de,edad,1,85,0.011764705882352941
edad,algunas,1,1,1.0
algunas,miembros,1,2,0.5
miembros,|,1,1,1.0
Pq,yena,1,17,0.058823529411764705
yena,tiene,1,1,1.0
25,",",1,3,0.3333333333333333
",",sakura,1,60,0.016666666666666666
sakura,creo,1,1,1.0
creo,26,1,11,0.09090909090909091
26,y,1,1,1.0
y,wonyo,1,18,0.05555555555555555
wonyo,apenas,1,1,1.0
apenas,cumplio,1,2,0.5
cumplio,20,1,1,1.0
20,|,1,1,1.0
Nooo,",",1,4,0.25
",",de,1,60,0.016666666666666666
q,saku,1,138,0.007246376811594203
saku,ya,1,1,1.0
tiene,27,1,8,0.125
27,|,1,1,1.0
Siii,jajjaja,1,31,0.03225806451612903
jajjaja,|,1,1,1.0
hecho,si,1,8,0.125
dio,miedo,1,3,0.3333333333333333
|,Etooo,1,3131,0.00031938677738741617
Etooo,|,1,1,1.0
Ya,estamos,2,64,0.03125
estamos,aki,1,2,0.5
aki,|,1,3,0.3333333333333333
Q,estudiosos,1,26,0.038461538461538464
estudiosos,|,1,1,1.0
Solo,esto,1,5,0.2
esto,llevaba,1,2,0.5
llevaba,la,1,1,1.0
la,tarea,1,65,0.015384615384615385
tarea,de,2,7,0.2857142857142857
de,econom칤a,1,85,0.011764705882352941
econom칤a,|,1,1,1.0
|,Oye,7,3131,0.002235707441711913
Oye,otra,1,7,0.14285714285714285
otra,jaja,1,5,0.2
jaja,|,4,5,0.8
|,Oyeeee,1,3131,0.00031938677738741617
Oyeeee,|,1,1,1.0
Te,estoy,1,11,0.09090909090909091
estoy,marcando,1,8,0.125
marcando,|,1,1,1.0
no,lo,1,75,0.013333333333333334
lo,usan,1,34,0.029411764705882353
usan,los,1,1,1.0
los,chabos,1,23,0.043478260869565216
chabos,|,1,1,1.0
|,Eh,2,3131,0.0006387735547748323
Eh,eh,1,2,0.5
eh,|,1,1,1.0
|,Meper,1,3131,0.00031938677738741617
Meper,?,1,1,1.0
?,TT,1,115,0.008695652173913044
Nada,m치s,1,5,0.2
m치s,pienso,1,1,1.0
pienso,hacer,1,1,1.0
hacer,lo,1,5,0.2
lo,de,4,34,0.11764705882352941
de,este,1,85,0.011764705882352941
este,ejercicio,1,2,0.5
ejercicio,|,1,1,1.0
|,Van,1,3131,0.00031938677738741617
Van,a,1,1,1.0
a,querer,1,52,0.019230769230769232
querer,|,1,1,1.0
|,Nop,1,3131,0.00031938677738741617
Nop,|,1,1,1.0
|,Porque,3,3131,0.0009581603321622484
Porque,qu칠,1,3,0.3333333333333333
qu칠,quieres,1,2,0.5
quieres,?,1,3,0.3333333333333333
Jajaja,pues,1,15,0.06666666666666667
pues,i,1,4,0.25
i,quieres,1,1,1.0
quieres,ma침ana,1,3,0.3333333333333333
ma침ana,le,1,13,0.07692307692307693
le,decimos,1,18,0.05555555555555555
decimos,|,1,1,1.0
Oye,master,1,7,0.14285714285714285
master,|,2,3,0.6666666666666666
Pero,naaaa,1,57,0.017543859649122806
naaaa,|,1,1,1.0
estamos,en,1,2,0.5
en,nuestra,1,49,0.02040816326530612
nuestra,casa,1,1,1.0
Ya,nada,2,64,0.03125
|,Meti,1,3131,0.00031938677738741617
Meti,ciberseguridad,1,1,1.0
ciberseguridad,en,1,1,1.0
su,lugar,1,5,0.2
lugar,|,1,1,1.0
el,extendido,1,32,0.03125
extendido,|,1,1,1.0
Este,viernes,1,3,0.3333333333333333
viernes,hara,1,1,1.0
hara,un,1,1,1.0
de,5,1,85,0.011764705882352941
5,preguntas,1,1,1.0
preguntas,|,1,1,1.0
Es,que,4,38,0.10526315789473684
no,s칠,1,75,0.013333333333333334
s칠,qu칠,1,1,1.0
qu칠,poner,1,2,0.5
poner,|,1,1,1.0
|,Esos,1,3131,0.00031938677738741617
Esos,4,1,1,1.0
|,Porfa,1,3131,0.00031938677738741617
Porfa,|,1,1,1.0
A,nono,1,29,0.034482758620689655
nono,",",1,1,1.0
",",era,1,60,0.016666666666666666
era,el,1,5,0.2
el,6,1,32,0.03125
6,jejeje,1,1,1.0
jejeje,|,1,1,1.0
|,Siguiente,1,3131,0.00031938677738741617
Siguiente,|,1,1,1.0
vdd,no,1,12,0.08333333333333333
Ok,entiendo,1,5,0.2
entiendo,:(,1,3,0.3333333333333333
:(,|,2,2,1.0
|,Oki,2,3131,0.0006387735547748323
Oki,|,1,2,0.5
Hoy,vamos,1,6,0.16666666666666666
vamos,a,2,3,0.6666666666666666
a,hacer,1,52,0.019230769230769232
de,bases,1,85,0.011764705882352941
bases,de,1,1,1.0
de,dstos,1,85,0.011764705882352941
dstos,|,1,1,1.0
q,en,1,138,0.007246376811594203
en,ru,1,49,0.02040816326530612
ru,caso,1,1,1.0
caso,solo,1,2,0.5
solo,son,1,4,0.25
son,3,1,9,0.1111111111111111
3,|,1,2,0.5
A,no,1,29,0.034482758620689655
Sobre,el,1,2,0.5
el,problemario,1,32,0.03125
problemario,|,1,1,1.0
|,Otra,1,3131,0.00031938677738741617
Otra,pregunta,1,1,1.0
pregunta,jeje,1,1,1.0
jeje,|,1,2,0.5
|,Esa,1,3131,0.00031938677738741617
Esa,ya,1,1,1.0
ya,las,1,32,0.03125
las,tengo,1,17,0.058823529411764705
tengo,jajaj,1,20,0.05
|,N9,1,3131,0.00031938677738741617
N9,le,1,1,1.0
le,entendi,2,18,0.1111111111111111
entendi,tampoco,1,3,0.3333333333333333
tampoco,jaja,1,2,0.5
El,examen,1,11,0.09090909090909091
examen,vale,1,8,0.125
vale,1pto,1,5,0.2
1pto,extra,1,1,1.0
extra,|,1,1,1.0
|,Estos,1,3131,0.00031938677738741617
Estos,no,1,1,1.0
|,Uff,1,3131,0.00031938677738741617
Uff,|,1,1,1.0
|,Hola,2,3131,0.0006387735547748323
Hola,",",1,2,0.5
si,estan,1,64,0.015625
estan,en,1,4,0.25
mi,carpeta,1,23,0.043478260869565216
carpeta,|,1,1,1.0
vale,gracias,1,5,0.2
Tengo,flojera,1,4,0.25
flojera,|,1,1,1.0
De,aki,1,23,0.043478260869565216
aki,la,1,3,0.3333333333333333
la,demostracion,1,65,0.015384615384615385
demostracion,no,1,1,1.0
no,la,2,75,0.02666666666666667
la,hice,1,65,0.015384615384615385
hice,jeje,1,2,0.5
jeje,",",1,2,0.5
pero,tenias,1,14,0.07142857142857142
tenias,q,1,1,1.0
q,demostrar,1,138,0.007246376811594203
demostrar,lo,1,1,1.0
q,esta,1,138,0.007246376811594203
esta,en,1,16,0.0625
en,pluma,1,49,0.02040816326530612
pluma,con,1,1,1.0
con,base,1,6,0.16666666666666666
base,en,1,2,0.5
lo,sabido,1,34,0.029411764705882353
sabido,",",1,1,1.0
",",q,1,60,0.016666666666666666
es,lo,1,29,0.034482758620689655
de,lapiz,1,85,0.011764705882352941
lapiz,|,1,1,1.0
|,Niii,1,3131,0.00031938677738741617
Niii,|,1,1,1.0
Un,momento,1,4,0.25
De,nada,3,23,0.13043478260869565
nada,:),1,8,0.125
Me,puso,1,31,0.03225806451612903
puso,eso,1,1,1.0
tengo,una,1,20,0.05
una,jajaj,1,16,0.0625
|,Ayudaaaaaa,1,3131,0.00031938677738741617
Ayudaaaaaa,|,1,1,1.0
Ni,que,1,4,0.25
que,fuera,1,20,0.05
fuera,a,1,2,0.5
a,vender,1,52,0.019230769230769232
vender,|,1,1,1.0
q,las,1,138,0.007246376811594203
las,otras,1,17,0.058823529411764705
otras,no,1,1,1.0
no,les,1,75,0.013333333333333334
les,entendi,1,3,0.3333333333333333
entendi,|,2,3,0.6666666666666666
Tabn,",",1,3,0.3333333333333333
yo,igual,1,13,0.07692307692307693
igual,hare,1,3,0.3333333333333333
hare,nomas,1,1,1.0
nomas,ese,1,6,0.16666666666666666
ese,Bl,1,4,0.25
Bl,|,1,1,1.0
|,Ai,1,3131,0.00031938677738741617
Ai,|,1,1,1.0
|,JAJAJJAJAJA,1,3131,0.00031938677738741617
JAJAJJAJAJA,|,1,1,1.0
te,los,1,29,0.034482758620689655
los,pasaron,1,23,0.043478260869565216
pasaron,,1,1,1.0
seee,",",1,4,0.25
",",칩sea,1,60,0.016666666666666666
칩sea,pero,1,1,1.0
me,perece,1,50,0.02
perece,que,1,1,1.0
que,se,1,20,0.05
se,crea,1,49,0.02040816326530612
crea,dentro,1,1,1.0
dentro,de,1,1,1.0
los,c칩digos,1,23,0.043478260869565216
c칩digos,en,1,1,1.0
en,c,1,49,0.02040816326530612
c,Sharp,1,1,1.0
Sharp,|,1,1,1.0
|,Dimeeeee,1,3131,0.00031938677738741617
Dimeeeee,|,1,1,1.0
Hola,|,1,2,0.5
q,eso,1,138,0.007246376811594203
eso,de,1,16,0.0625
de,memorias,1,85,0.011764705882352941
memorias,es,1,1,1.0
la,decada,1,65,0.015384615384615385
decada,pasada,1,1,1.0
pasada,|,1,1,1.0
algo,de,1,10,0.1
de,diferencia,1,85,0.011764705882352941
diferencia,de,1,1,1.0
de,velocidad,1,85,0.011764705882352941
velocidad,o,1,1,1.0
algo,asi,1,10,0.1
|,:(,1,3131,0.00031938677738741617
O,",",1,13,0.07692307692307693
",",sorry,1,60,0.016666666666666666
sorry,no,1,1,1.0
no,estaba,1,75,0.013333333333333334
estaba,en,1,5,0.2
|,JAJAJA,1,3131,0.00031938677738741617
JAJAJA,|,1,1,1.0
|,Neta,1,3131,0.00031938677738741617
Neta,si,1,1,1.0
si,wey,1,64,0.015625
wey,|,1,1,1.0
|,Ernesto,1,3131,0.00031938677738741617
Ernesto,con,1,1,1.0
con,sus,1,6,0.16666666666666666
sus,frases,1,1,1.0
frases,de,1,1,1.0
de,se침ora,1,85,0.011764705882352941
se침ora,|,1,1,1.0
Claro,chica,1,8,0.125
chica,|,2,2,1.0
|,Estas,1,3131,0.00031938677738741617
Estas,tomando,1,1,1.0
tomando,fotos,1,1,1.0
fotos,?,1,3,0.3333333333333333
Pero,pues,1,57,0.017543859649122806
pues,hay,1,4,0.25
hay,vamos,1,9,0.1111111111111111
vamos,|,1,3,0.3333333333333333
|,?,1,3131,0.00031938677738741617
|,Ah,2,3131,0.0006387735547748323
Ah,va,1,2,0.5
tu,terminas,1,13,0.07692307692307693
terminas,lo,1,1,1.0
ya,habia,1,32,0.03125
habia,dejado,1,7,0.14285714285714285
dejado,?,1,1,1.0
JAJAJAJ,no,1,2,0.5
Ya,llego,1,64,0.015625
llego,tu,1,3,0.3333333333333333
tu,pedido,1,13,0.07692307692307693
pedido,neni,1,1,1.0
Pero,por,1,57,0.017543859649122806
por,tirarla,1,6,0.16666666666666666
tirarla,se,1,1,1.0
le,dejo,1,18,0.05555555555555555
dejo,en,1,1,1.0
en,10,1,49,0.02040816326530612
10,|,1,2,0.5
Ah,ya,1,2,0.5
Donde,andas,1,5,0.2
andas,?,1,1,1.0
O,a,1,13,0.07692307692307693
a,rodrigo,1,52,0.019230769230769232
rodrigo,|,1,1,1.0
Porque,ya,1,3,0.3333333333333333
ya,empezaron,1,32,0.03125
empezaron,a,1,1,1.0
a,venir,1,52,0.019230769230769232
venir,los,1,1,1.0
los,de,2,23,0.08695652173913043
la,dig,1,65,0.015384615384615385
dig,clase,1,1,1.0
clase,|,1,1,1.0
Porque,?,1,3,0.3333333333333333
Nomas,corre,1,5,0.2
corre,|,1,1,1.0
Ma침ana,a,1,5,0.2
lo,puedo,1,34,0.029411764705882353
puedo,checar,1,3,0.3333333333333333
checar,con,1,1,1.0
con,M칩ni,1,6,0.16666666666666666
M칩ni,|,1,1,1.0
Q,buskes,1,26,0.038461538461538464
buskes,bien,1,1,1.0
me,dejaron,1,50,0.02
dejaron,|,1,1,1.0
|,Perrito,1,3131,0.00031938677738741617
Perrito,emocionado,1,1,1.0
emocionado,|,1,1,1.0
Me,puedes,2,31,0.06451612903225806
puedes,traer,2,5,0.4
traer,mis,1,2,0.5
mis,cosas,1,2,0.5
cosas,?,1,4,0.25
Oye,chica,1,7,0.14285714285714285
|,jjajaj,1,3131,0.00031938677738741617
jjajaj,|,1,1,1.0
|,Hacemos,1,3131,0.00031938677738741617
Hacemos,un,1,1,1.0
un,trato,1,25,0.04
trato,?,1,1,1.0
Bueno,gracias,1,7,0.14285714285714285
los,tengo,1,23,0.043478260869565216
|,Pens칠,1,3131,0.00031938677738741617
Pens칠,que,1,1,1.0
que,era,1,20,0.05
era,del,1,5,0.2
del,normal,1,5,0.2
normal,|,1,2,0.5
|,Kepasa,1,3131,0.00031938677738741617
Kepasa,chiko,1,1,1.0
chiko,|,1,2,0.5
|,Andaleeee,1,3131,0.00031938677738741617
Andaleeee,|,1,1,1.0
|,Chekale,1,3131,0.00031938677738741617
Chekale,en,1,1,1.0
la,mochila,1,65,0.015384615384615385
mochila,de,1,1,1.0
de,monika,1,85,0.011764705882352941
monika,y,1,1,1.0
y,en,1,18,0.05555555555555555
de,ernrsto,1,85,0.011764705882352941
ernrsto,|,1,1,1.0
que,creo,1,20,0.05
creo,que,1,11,0.09090909090909091
me,voy,1,50,0.02
a,tardar,1,52,0.019230769230769232
tardar,|,1,1,1.0
Si,TT,1,98,0.01020408163265306
Avr,te,1,5,0.2
parece,si,1,3,0.3333333333333333
si,yo,1,64,0.015625
yo,hago,1,13,0.07692307692307693
hago,lo,1,2,0.5
los,coches,1,23,0.043478260869565216
coches,|,1,1,1.0
q,moni,1,138,0.007246376811594203
moni,me,1,1,1.0
me,dijo,1,50,0.02
dijo,q,1,2,0.5
q,estaban,1,138,0.007246376811594203
estaban,malitos,1,2,0.5
malitos,los,1,1,1.0
los,programas,2,23,0.08695652173913043
programas,q,1,3,0.3333333333333333
q,teniamos,1,138,0.007246376811594203
teniamos,u.u,1,1,1.0
Sabes,c칩mo,1,3,0.3333333333333333
c칩mo,se,1,1,1.0
hace,eso,1,2,0.5
te,va,1,29,0.034482758620689655
a,hablar,1,52,0.019230769230769232
hablar,|,1,1,1.0
|,Ontan,2,3131,0.0006387735547748323
Ontan,x100000,1,2,0.5
x100000,|,1,1,1.0
Tu,tranqui,1,3,0.3333333333333333
tranqui,|,1,1,1.0
Como,pooooorrrrr,1,7,0.14285714285714285
pooooorrrrr,?,1,1,1.0
|,Ek,1,3131,0.00031938677738741617
Ek,tal,1,1,1.0
tal,ve,1,9,0.1111111111111111
ve,meta,1,6,0.16666666666666666
meta,una,1,1,1.0
una,|,1,16,0.0625
|,JAJAJAJAJAJAJA,1,3131,0.00031938677738741617
JAJAJAJAJAJAJA,entiendo,1,1,1.0
ni,vimos,1,8,0.125
vimos,eso,1,1,1.0
Que,pasa,1,18,0.05555555555555555
pasa,chika,1,3,0.3333333333333333
|,Aqui,1,3131,0.00031938677738741617
Aqui,estan,1,1,1.0
estan,las,2,4,0.5
las,derivadas,1,17,0.058823529411764705
derivadas,q,1,1,1.0
q,nos,1,138,0.007246376811594203
nos,faltaban,1,1,1.0
faltaban,|,1,1,1.0
Va,",",1,8,0.125
",",gracias,1,60,0.016666666666666666
si,estoy,1,64,0.015625
estoy,trabajando,1,8,0.125
trabajando,|,1,1,1.0
q,tan,1,138,0.007246376811594203
tan,rapido,1,1,1.0
rapido,se,1,2,0.5
se,refleje,1,49,0.02040816326530612
refleje,en,1,1,1.0
mi,saes,1,23,0.043478260869565216
saes,|,1,1,1.0
Es,ponpompurin,1,38,0.02631578947368421
ponpompurin,|,1,1,1.0
Ahi,te,1,3,0.3333333333333333
te,las,1,29,0.034482758620689655
las,mando,1,17,0.058823529411764705
mando,|,1,1,1.0
|,Tuviste,1,3131,0.00031938677738741617
Tuviste,problema,1,1,1.0
problema,metiendo,1,2,0.5
metiendo,tu,1,1,1.0
tu,traslapada,1,13,0.07692307692307693
traslapada,?,1,1,1.0
Joder,no,1,2,0.5
Si,lo,1,98,0.01020408163265306
lo,pidio,1,34,0.029411764705882353
pidio,|,1,1,1.0
|,Muchas,1,3131,0.00031938677738741617
Muchas,cosas,1,1,1.0
cosas,wuuu,1,4,0.25
wuuu,|,1,1,1.0
Deja,los,1,3,0.3333333333333333
los,pido,1,23,0.043478260869565216
pido,|,1,1,1.0
nada,chika,1,8,0.125
|,es,1,3131,0.00031938677738741617
es,que,2,29,0.06896551724137931
si,jajaj,1,64,0.015625
no,nada,1,75,0.013333333333333334
|,E,1,3131,0.00031938677738741617
E,master,1,1,1.0
|,Pedimos,1,3131,0.00031938677738741617
Pedimos,bolis,1,1,1.0
bolis,|,1,1,1.0
Oye,que,1,7,0.14285714285714285
que,vieron,1,20,0.05
vieron,en,1,2,0.5
en,probabilidad,1,49,0.02040816326530612
probabilidad,?,1,1,1.0
sea,lo,1,8,0.125
los,depas,1,23,0.043478260869565216
depas,|,1,1,1.0
|,Tr,1,3131,0.00031938677738741617
Tr,vemos,1,1,1.0
vemos,en,1,1,1.0
en,letras,1,49,0.02040816326530612
letras,|,1,1,1.0
A,que,1,29,0.034482758620689655
que,o,1,20,0.05
o,como,2,9,0.2222222222222222
como,?,2,13,0.15384615384615385
A,la,1,29,0.034482758620689655
la,19,1,65,0.015384615384615385
19,no,1,1,1.0
|,Pa,1,3131,0.00031938677738741617
Pa,comer,1,1,1.0
comer,jajaja,1,2,0.5
|,Jjajajaj,1,3131,0.00031938677738741617
Jjajajaj,|,1,1,1.0
Ya,diste,1,64,0.015625
diste,de,1,1,1.0
de,baja,1,85,0.011764705882352941
baja,estadistica,1,1,1.0
estadistica,?,1,1,1.0
se,fueron,1,49,0.02040816326530612
fueron,?,1,2,0.5
Nos,puedes,1,2,0.5
traer,la,1,2,0.5
la,salsa,1,65,0.015384615384615385
salsa,",",1,1,1.0
",",catsup,1,60,0.016666666666666666
catsup,y,1,1,1.0
y,servilletas,1,18,0.05555555555555555
servilletas,?,1,2,0.5
A,gerry,1,29,0.034482758620689655
gerry,x,1,1,1.0
x,ejemplo,1,12,0.08333333333333333
ejemplo,|,1,1,1.0
|,JJAAJAJA,1,3131,0.00031938677738741617
JJAAJAJA,pues,1,1,1.0
pues,es,1,4,0.25
que,nadie,1,20,0.05
nadie,sabe,1,2,0.5
|,Trae,1,3131,0.00031938677738741617
Trae,las,1,1,1.0
las,cosas,2,17,0.11764705882352941
cosas,|,2,4,0.5
Tienes,esta,1,4,0.25
No,tengo,1,77,0.012987012987012988
tengo,justo,1,20,0.05
justo,eso,1,2,0.5
eso,jaja,1,16,0.0625
Oki,neni,1,2,0.5
|,Girl,1,3131,0.00031938677738741617
Girl,|,1,1,1.0
Y,pues,1,39,0.02564102564102564
pues,ya,1,4,0.25
",",segun,1,60,0.016666666666666666
segun,yo,1,2,0.5
yo,asi,1,13,0.07692307692307693
asi,queda,1,11,0.09090909090909091
queda,corregido,1,1,1.0
corregido,|,1,1,1.0
Ya,dijo,1,64,0.015625
dijo,algo,1,2,0.5
te,califico,1,29,0.034482758620689655
califico,la,1,1,1.0
la,practica,1,65,0.015384615384615385
practica,Gus,1,1,1.0
Gus,?,1,1,1.0
Oye,chika,1,7,0.14285714285714285
Se,vamos,1,7,0.14285714285714285
a,quedarnos,1,52,0.019230769230769232
quedarnos,a,1,1,1.0
a,estudiar,1,52,0.019230769230769232
estudiar,base,1,4,0.25
base,de,1,2,0.5
de,datos,1,85,0.011764705882352941
datos,|,1,1,1.0
|,Oyes,1,3131,0.00031938677738741617
Oyes,|,1,1,1.0
Ok,ahorita,1,5,0.2
ahorita,se,1,2,0.5
se,los,1,49,0.02040816326530612
los,voy,1,23,0.043478260869565216
voy,pidiendo,1,4,0.25
pidiendo,|,1,1,1.0
|,Thx,1,3131,0.00031938677738741617
Thx,|,1,1,1.0
Pero,aun,1,57,0.017543859649122806
la,hagooo,1,65,0.015384615384615385
hagooo,|,1,1,1.0
|,andaleeeee,1,3131,0.00031938677738741617
andaleeeee,|,1,1,1.0
Bueno,gracia,1,7,0.14285714285714285
gracia,|,1,1,1.0
Este,eee,1,3,0.3333333333333333
eee,|,1,1,1.0
la,bibliotek,1,65,0.015384615384615385
bibliotek,|,1,1,1.0
Oye,|,1,7,0.14285714285714285
|,Xfa,1,3131,0.00031938677738741617
Xfa,|,1,1,1.0
Nomas,son,1,5,0.2
son,dos,1,9,0.1111111111111111
dos,esquemas,1,2,0.5
esquemas,pero,1,1,1.0
te,mande,1,29,0.034482758620689655
mande,un,1,1,1.0
de,fotos,1,85,0.011764705882352941
fotos,pq,1,3,0.3333333333333333
pq,siento,1,6,0.16666666666666666
ve,bn,1,6,0.16666666666666666
bn,en,1,23,0.043478260869565216
en,algunas,1,49,0.02040816326530612
algunas,|,1,2,0.5
Sabes,cuales,1,3,0.3333333333333333
cuales,tablas,1,2,0.5
tablas,tenemos,1,1,1.0
tenemos,q,1,1,1.0
q,crear,1,138,0.007246376811594203
crear,?,1,1,1.0
Lo,esperado,1,7,0.14285714285714285
esperado,|,1,1,1.0
Eh,m치ster,1,2,0.5
m치ster,|,1,1,1.0
Se,les,1,7,0.14285714285714285
les,va,1,3,0.3333333333333333
va,kemar,1,10,0.1
kemar,el,1,1,1.0
el,cerevro,1,32,0.03125
cerevro,|,1,1,1.0
Ni,lo,1,4,0.25
lo,ha,1,34,0.029411764705882353
ha,pasado,1,2,0.5
pasado,el,1,1,1.0
el,profe,1,32,0.03125
profe,|,1,2,0.5
Estan,bien,1,3,0.3333333333333333
bien,bonitas,1,14,0.07142857142857142
bonitas,las,1,1,1.0
las,pantunflas,1,17,0.058823529411764705
pantunflas,|,1,1,1.0
Ahi,estan,1,3,0.3333333333333333
El,yisu,1,11,0.09090909090909091
yisu,|,1,1,1.0
|,Creabamos,1,3131,0.00031938677738741617
Creabamos,un,1,1,1.0
un,modelo,1,25,0.04
modelo,de,1,1,1.0
de,regresion,1,85,0.011764705882352941
regresion,lineal,1,1,1.0
lineal,el,1,1,1.0
el,cual,1,32,0.03125
cual,iba,1,1,1.0
iba,a,1,1,1.0
a,predecir,1,52,0.019230769230769232
predecir,al,1,1,1.0
al,eje,1,8,0.125
eje,Y,1,1,1.0
Y,o,1,39,0.02564102564102564
o,sea,1,9,0.1111111111111111
sea,el,1,8,0.125
el,precio,1,32,0.03125
precio,de,1,1,1.0
de,una,1,85,0.011764705882352941
casa,para,1,8,0.125
para,cada,1,7,0.14285714285714285
cada,valor,1,1,1.0
valor,de,1,1,1.0
la,variable,1,65,0.015384615384615385
variable,X,1,1,1.0
X,area,1,2,0.5
area,",",1,1,1.0
la,ecuacion,1,65,0.015384615384615385
ecuacion,se,1,1,1.0
se,obtiene,1,49,0.02040816326530612
obtiene,a,1,1,1.0
a,traves,1,52,0.019230769230769232
traves,de,1,1,1.0
de,y,1,85,0.011764705882352941
y,=,1,18,0.05555555555555555
=,mx+b,1,1,1.0
mx+b,|,1,1,1.0
|,Hiciste,1,3131,0.00031938677738741617
Hiciste,los,1,1,1.0
los,ejercicios,1,23,0.043478260869565216
ejercicios,de,1,1,1.0
de,치lgebra,1,85,0.011764705882352941
치lgebra,de,1,1,1.0
hoy,?,1,2,0.5
tengo,U.u,1,20,0.05
U.u,",",1,1,1.0
",",perdoname,1,60,0.016666666666666666
perdoname,|,1,1,1.0
Tienes,q,1,4,0.25
q,marcarlos,1,138,0.007246376811594203
marcarlos,|,1,1,1.0
Claro,neni,1,8,0.125
Para,q,1,4,0.25
q,o,1,138,0.007246376811594203
|,Preguntale,1,3131,0.00031938677738741617
Preguntale,al,1,1,1.0
al,charmander,1,8,0.125
charmander,|,1,1,1.0
q,hay,1,138,0.007246376811594203
nada,jaja,1,8,0.125
Ya,llegamos,1,64,0.015625
llegamos,master,1,1,1.0
master,kepaso,1,3,0.3333333333333333
kepaso,|,1,1,1.0
que,necesito,1,20,0.05
necesito,una,1,1,1.0
una,memoria,1,16,0.0625
memoria,usb,1,1,1.0
usb,para,1,1,1.0
para,ma침ana,1,7,0.14285714285714285
|,Wwww,1,3131,0.00031938677738741617
Wwww,|,1,1,1.0
Me,pasas,1,31,0.03225806451612903
pasas,tus,1,2,0.5
tus,ejemplos,1,2,0.5
ejemplos,de,1,1,1.0
de,v칤nculos,1,85,0.011764705882352941
v칤nculos,|,1,1,1.0
Ok,ok,1,5,0.2
ok,|,1,1,1.0
Lo,de,1,7,0.14285714285714285
de,planilandia,1,85,0.011764705882352941
planilandia,son,1,1,1.0
como,puntos,1,13,0.07692307692307693
puntos,extras,1,1,1.0
extras,o,1,1,1.0
|,Oyeeeee,1,3131,0.00031938677738741617
Oyeeeee,|,1,1,1.0
Va,gracias,1,8,0.125
|,Xd,1,3131,0.00031938677738741617
Xd,en,1,1,1.0
la,Expo,1,65,0.015384615384615385
Expo,de,1,1,1.0
de,ma침ana,1,85,0.011764705882352941
me,las,1,50,0.02
las,probe,1,17,0.058823529411764705
probe,|,1,1,1.0
q,dice,1,138,0.007246376811594203
dice,el,1,4,0.25
el,chiko,1,32,0.03125
chiko,?,1,2,0.5
Ya,tomen,1,64,0.015625
tomen,su,1,1,1.0
su,descanso,1,5,0.2
descanso,chikas,1,1,1.0
chikas,|,1,2,0.5
A,los,1,29,0.034482758620689655
programas,me,1,3,0.3333333333333333
me,refiero,1,50,0.02
refiero,a,1,1,1.0
a,los,1,52,0.019230769230769232
de,metodos,1,85,0.011764705882352941
metodos,|,1,1,1.0
|,Recuerdo,1,3131,0.00031938677738741617
Recuerdo,q,1,1,1.0
q,literal,1,138,0.007246376811594203
literal,habia,1,1,1.0
habia,buscado,1,7,0.14285714285714285
buscado,el,1,1,1.0
el,problema,1,32,0.03125
problema,jaja,1,2,0.5
jaja,y,1,5,0.2
y,me,1,18,0.05555555555555555
me,salieron,1,50,0.02
salieron,otros,1,1,1.0
otros,similares,1,3,0.3333333333333333
similares,|,1,1,1.0
|,Pasanos,1,3131,0.00031938677738741617
Pasanos,loq,1,1,1.0
loq,vieron,1,1,1.0
vieron,|,1,2,0.5
Tienes,el,1,4,0.25
el,num,1,32,0.03125
num,3,1,1,1.0
3,del,1,2,0.5
del,punto,1,5,0.2
punto,33,1,1,1.0
33,|,1,1,1.0
Me,haces,2,31,0.06451612903225806
haces,un,2,3,0.6666666666666666
un,favor,1,25,0.04
favor,plis,1,2,0.5
plis,|,1,1,1.0
No,est치n,1,77,0.012987012987012988
est치n,las,1,1,1.0
las,servilletas,1,17,0.058823529411764705
servilletas,|,1,2,0.5
Que,?,1,18,0.05555555555555555
Se,la,1,7,0.14285714285714285
la,van,1,65,0.015384615384615385
van,a,1,1,1.0
a,saltar,1,52,0.019230769230769232
saltar,?,1,1,1.0
Oye,oye,1,7,0.14285714285714285
oye,|,1,1,1.0
puedes,prestar,1,5,0.2
prestar,la,1,1,1.0
la,tuyo,1,65,0.015384615384615385
tuyo,si,1,1,1.0
si,tienes,1,64,0.015625
tienes,?,1,1,1.0
Me,lo,1,31,0.03225806451612903
lo,pasas,1,34,0.029411764705882353
pasas,?,1,2,0.5
Y,hasta,1,39,0.02564102564102564
hasta,ahi,1,2,0.5
ahi,voy,1,3,0.3333333333333333
voy,|,1,4,0.25
Y,entonces,1,39,0.02564102564102564
entonces,pq,1,1,1.0
pq,decia,1,6,0.16666666666666666
decia,q,1,2,0.5
q,tabla,1,138,0.007246376811594203
tabla,productos,1,1,1.0
productos,|,1,1,1.0
Tengo,que,1,4,0.25
que,digamos,1,20,0.05
digamos,entregar,1,1,1.0
entregar,unos,1,1,1.0
unos,programas,1,1,1.0
programas,en,1,3,0.3333333333333333
en,eso,1,49,0.02040816326530612
Que,ps,1,18,0.05555555555555555
ps,seg칰n,1,3,0.3333333333333333
seg칰n,si,1,1,1.0
si,son,1,64,0.015625
son,bastantes,1,9,0.1111111111111111
bastantes,r치pidos,1,1,1.0
r치pidos,|,1,1,1.0
Aaa,si,1,2,0.5
No,TT,1,77,0.012987012987012988
|,Graciaaaaaaas,1,3131,0.00031938677738741617
Graciaaaaaaas,|,1,1,1.0
Vale,grasias,1,7,0.14285714285714285
grasias,chika,1,1,1.0
Q,pasa,1,26,0.038461538461538464
pasa,we,1,3,0.3333333333333333
we,|,1,1,1.0
un,favorsote,1,25,0.04
favorsote,|,1,1,1.0
Ontan,|,1,2,0.5
|,Cualeeees,1,3131,0.00031938677738741617
Cualeeees,?,1,1,1.0
|,Porfiiii,1,3131,0.00031938677738741617
Porfiiii,|,1,1,1.0
|,Yendo,1,3131,0.00031938677738741617
Yendo,|,1,1,1.0
|,Espera,1,3131,0.00031938677738741617
Espera,aaaaaaaaaa,1,1,1.0
aaaaaaaaaa, ,1,1,1.0
 ,|,1,1,1.0
