Term 1,Term 2,Frequency,Context Frequency,Conditional Probability
<,a,69,445,0.1550561797752809
<,sip,37,445,0.08314606741573034
xd,>,37,42,0.8809523809523809
<,oye,35,445,0.07865168539325842
lo,que,29,115,0.25217391304347825
es,que,28,67,0.417910447761194
:3,>,26,34,0.7647058823529411
lo,de,24,115,0.20869565217391303
<,si,23,445,0.051685393258426963
de,nada,22,150,0.14666666666666667
creo,que,22,24,0.9166666666666666
de,la,20,150,0.13333333333333333
jajaja,>,19,76,0.25
<,jajaja,19,445,0.04269662921348315
jaja,>,19,62,0.3064516129032258
que,si,16,198,0.08080808080808081
si,quieres,16,146,0.1095890410958904
de,los,15,150,0.1
sip,de,15,65,0.23076923076923078
nada,>,14,31,0.45161290322580644
<,no,14,445,0.03146067415730337
jajaj,>,13,25,0.52
gracias,>,13,29,0.4482758620689655
que,no,13,198,0.06565656565656566
sip,>,12,65,0.18461538461538463
<,pero,12,445,0.02696629213483146
oye,oye,12,65,0.18461538461538463
<,hola,11,445,0.024719101123595506
voy,>,11,23,0.4782608695652174
est√°,bien,11,19,0.5789473684210527
que,ya,11,198,0.05555555555555555
<,y,11,445,0.024719101123595506
y,ya,11,85,0.12941176470588237
pues,si,11,35,0.3142857142857143
de,las,10,150,0.06666666666666667
<,holaa,10,445,0.02247191011235955
a,ver,10,146,0.0684931506849315
de,lo,10,150,0.06666666666666667
a,jajaja,10,146,0.0684931506849315
a,bueno,10,146,0.0684931506849315
no,se,10,100,0.1
me,pasas,9,33,0.2727272727272727
no,s√©,9,100,0.09
gracias,:3,9,29,0.3103448275862069
voy,a,9,23,0.391304347826087
a,vava,9,146,0.06164383561643835
<,o,8,445,0.017977528089887642
si,es,8,146,0.0547945205479452
si,lo,8,146,0.0547945205479452
oye,me,8,65,0.12307692307692308
<,gracias,7,445,0.015730337078651686
<,de,7,445,0.015730337078651686
a,sip,7,146,0.04794520547945205
en,la,7,47,0.14893617021276595
en,el,7,47,0.14893617021276595
a,no,7,146,0.04794520547945205
nada,:3,7,31,0.22580645161290322
que,te,7,198,0.03535353535353535
va,>,7,21,0.3333333333333333
<,jajajaja,7,445,0.015730337078651686
<,ya,7,445,0.015730337078651686
por,si,7,25,0.28
yo,creo,7,25,0.28
lo,del,7,115,0.06086956521739131
si,se,7,146,0.04794520547945205
que,lo,7,198,0.03535353535353535
pero,no,7,57,0.12280701754385964
oye,irving,6,65,0.09230769230769231
si,no,6,146,0.0410958904109589
que,es,6,198,0.030303030303030304
no,es,6,100,0.06
algo,de,6,15,0.4
ya,qued√≥,6,87,0.06896551724137931
a,ir,6,146,0.0410958904109589
jajajaj,>,6,15,0.4
oye,ya,6,65,0.09230769230769231
no,jaja,6,100,0.06
si,jaja,6,146,0.0410958904109589
con,lo,6,32,0.1875
para,que,6,29,0.20689655172413793
:3,oye,5,34,0.14705882352941177
s√©,si,5,9,0.5555555555555556
ahorita,te,5,19,0.2631578947368421
sip,jaja,5,65,0.07692307692307693
ya,no,5,87,0.05747126436781609
y,pues,5,85,0.058823529411764705
de,datos,5,150,0.03333333333333333
es,lo,5,67,0.07462686567164178
es,el,5,67,0.07462686567164178
vas,a,5,9,0.5555555555555556
a,si,5,146,0.03424657534246575
bien,>,5,25,0.2
ver,si,5,14,0.35714285714285715
bueno,xd,5,31,0.16129032258064516
vava,gracias,5,17,0.29411764705882354
entonces,si,5,24,0.20833333333333334
lo,quieres,5,115,0.043478260869565216
vamos,a,5,6,0.8333333333333334
pens√©,que,5,6,0.8333333333333334
eso,>,5,26,0.19230769230769232
holaa,oye,5,10,0.5
<,es,5,445,0.011235955056179775
se,lo,5,39,0.1282051282051282
va,a,5,21,0.23809523809523808
si,nos,5,146,0.03424657534246575
que,le,5,198,0.025252525252525252
jajaja,pero,5,76,0.06578947368421052
<,creo,5,445,0.011235955056179775
jajaja,sip,5,76,0.06578947368421052
<,jajaj,5,445,0.011235955056179775
hola,:3,4,11,0.36363636363636365
‚ò∫,Ô∏è,4,4,1.0
Ô∏è,>,4,4,1.0
jaja,si,4,62,0.06451612903225806
quieres,>,4,24,0.16666666666666666
<,pues,4,445,0.008988764044943821
la,de,4,84,0.047619047619047616
pues,ya,4,35,0.11428571428571428
seg√∫n,yo,4,11,0.36363636363636365
oye,te,4,65,0.06153846153846154
para,el,4,29,0.13793103448275862
el,que,4,74,0.05405405405405406
ya,te,4,87,0.04597701149425287
que,ahorita,4,198,0.020202020202020204
no,lo,4,100,0.04
el,de,4,74,0.05405405405405406
si,me,4,146,0.0273972602739726
<,jaja,4,445,0.008988764044943821
<,vava,4,445,0.008988764044943821
con,el,4,32,0.125
<,va,4,445,0.008988764044943821
el,tema,4,74,0.05405405405405406
<,chi,4,445,0.008988764044943821
la,foto,4,84,0.047619047619047616
<,entonces,4,445,0.008988764044943821
ya,es,4,87,0.04597701149425287
no,>,4,100,0.04
verdad,>,4,5,0.8
ya,me,4,87,0.04597701149425287
si,le,4,146,0.0273972602739726
se,si,4,39,0.10256410256410256
que,nos,4,198,0.020202020202020204
que,se,4,198,0.020202020202020204
<,porque,4,445,0.008988764044943821
si,pues,4,146,0.0273972602739726
<,jajajaj,4,445,0.008988764044943821
me,voy,4,33,0.12121212121212122
pasas,el,4,9,0.4444444444444444
le,puse,4,27,0.14814814814814814
los,autores,4,44,0.09090909090909091
sip,est√°,4,65,0.06153846153846154
no,ma,4,100,0.04
irving,me,3,8,0.375
sip,voy,3,65,0.046153846153846156
que,me,3,198,0.015151515151515152
hola,jaja,3,11,0.2727272727272727
hola,sip,3,11,0.2727272727272727
y,el,3,85,0.03529411764705882
a,ya,3,146,0.02054794520547945
ya,jaja,3,87,0.034482758620689655
jaja,bueno,3,62,0.04838709677419355
va,gracias,3,21,0.14285714285714285
<,holaaa,3,445,0.006741573033707865
por,cierto,3,25,0.12
en,qu√©,3,47,0.06382978723404255
ya,ya,3,87,0.034482758620689655
y,la,3,85,0.03529411764705882
y,tambi√©n,3,85,0.03529411764705882
<,bueno,3,445,0.006741573033707865
bueno,es,3,31,0.0967741935483871
lo,mismo,3,115,0.02608695652173913
sip,si,3,65,0.046153846153846156
es,en,3,67,0.04477611940298507
este,>,3,8,0.375
porque,lo,3,28,0.10714285714285714
que,est√°,3,198,0.015151515151515152
a,decir,3,146,0.02054794520547945
la,maestra,3,84,0.03571428571428571
algo,>,3,15,0.2
te,vas,3,38,0.07894736842105263
a,quedar,3,146,0.02054794520547945
esme,y,3,5,0.6
yo,>,3,25,0.12
siento,que,3,3,1.0
antes,de,3,3,1.0
esta,bien,3,5,0.6
poner,los,3,7,0.42857142857142855
la,conclusi√≥n,3,84,0.03571428571428571
que,dice,3,198,0.015151515151515152
vava,:3,3,17,0.17647058823529413
oye,entonces,3,65,0.046153846153846156
a,ernesto,3,146,0.02054794520547945
dijo,que,3,8,0.375
te,la,3,38,0.07894736842105263
tenemos,que,3,6,0.5
pasas,la,3,9,0.3333333333333333
oye,si,3,65,0.046153846153846156
si,vas,3,146,0.02054794520547945
jajaja,va,3,76,0.039473684210526314
jajajaja,>,3,15,0.2
<,vavava,3,445,0.006741573033707865
jajaja,no,3,76,0.039473684210526314
no,pues,3,100,0.03
con,eso,3,32,0.09375
jajaja,bueno,3,76,0.039473684210526314
en,mi,3,47,0.06382978723404255
que,hacer,3,198,0.015151515151515152
pero,de,3,57,0.05263157894736842
solo,lo,3,22,0.13636363636363635
pero,si,3,57,0.05263157894736842
no,me,3,100,0.03
si,si,3,146,0.02054794520547945
jajaja,si,3,76,0.039473684210526314
y,eso,3,85,0.03529411764705882
bueno,jaja,3,31,0.0967741935483871
iba,a,3,3,1.0
si,jajaja,3,146,0.02054794520547945
mi,casa,3,9,0.3333333333333333
pues,es,3,35,0.08571428571428572
eso,y,3,26,0.11538461538461539
bien,xd,3,25,0.12
ya,lo,3,87,0.034482758620689655
era,el,3,6,0.5
<,c√≥mo,3,445,0.006741573033707865
que,s√≠,3,198,0.015151515151515152
y,si,3,85,0.03529411764705882
no,creo,3,100,0.03
lo,m√°s,3,115,0.02608695652173913
eso,jaja,3,26,0.11538461538461539
ejercicio,>,3,5,0.6
o,no,3,21,0.14285714285714285
no,jajaja,3,100,0.03
ya,con,3,87,0.034482758620689655
nada,xd,3,31,0.0967741935483871
pero,pues,3,57,0.05263157894736842
o,si,3,21,0.14285714285714285
si,ser√≠a,3,146,0.02054794520547945
hasta,el,3,9,0.3333333333333333
de,que,3,150,0.02
como,que,3,21,0.14285714285714285
hay,que,3,8,0.375
ser,lo,3,4,0.75
<,vavav,3,445,0.006741573033707865
vavav,>,3,5,0.6
jaja,sip,3,62,0.04838709677419355
jaja,es,3,62,0.04838709677419355
bueno,>,3,31,0.0967741935483871
y,lo,3,85,0.03529411764705882
si,te,3,146,0.02054794520547945
<,que,3,445,0.006741573033707865
crees,que,3,3,1.0
por,lo,3,25,0.12
te,digo,3,38,0.07894736842105263
digo,que,3,6,0.5
<,mmmm,3,445,0.006741573033707865
en,los,3,47,0.06382978723404255
<,hay,3,445,0.006741573033707865
los,veo,3,44,0.06818181818181818
que,sacamos,2,198,0.010101010101010102
porfa,jajaja,2,6,0.3333333333333333
gracias,‚ò∫,2,29,0.06896551724137931
los,anteriores,2,44,0.045454545454545456
<,rayos,2,445,0.0044943820224719105
rayos,bueno,2,5,0.4
bueno,gracias,2,31,0.06451612903225806
que,era,2,198,0.010101010101010102
te,lo,2,38,0.05263157894736842
paso,>,2,6,0.3333333333333333
holaa,:3,2,10,0.2
el,√∫ltimo,2,74,0.02702702702702703
veo,>,2,6,0.3333333333333333
no,nos,2,100,0.02
vimos,en,2,3,0.6666666666666666
<,por,2,445,0.0044943820224719105
te,fue,2,38,0.05263157894736842
o,ya,2,21,0.09523809523809523
ya,est√°,2,87,0.022988505747126436
bien,entonces,2,25,0.08
las,3,2,29,0.06896551724137931
3,clases,2,7,0.2857142857142857
la,ma√±ana,2,84,0.023809523809523808
ma√±ana,>,2,15,0.13333333333333333
jaja,oye,2,62,0.03225806451612903
oye,estaba,2,65,0.03076923076923077
estaba,checando,2,3,0.6666666666666666
datos,y,2,7,0.2857142857142857
la,metieras,2,84,0.023809523809523808
metieras,en,2,2,1.0
ya,as√≠,2,87,0.022988505747126436
6,>,2,2,1.0
<,mira,2,445,0.0044943820224719105
nada,mas,2,31,0.06451612903225806
si,este,2,146,0.0136986301369863
este,bien,2,8,0.25
bien,jajaja,2,25,0.08
no,tienes,2,100,0.02
mismo,pero,2,3,0.6666666666666666
pero,sin,2,57,0.03508771929824561
nada,solo,2,31,0.06451612903225806
el,grupo,2,74,0.02702702702702703
en,equipo,2,47,0.0425531914893617
equipo,>,2,3,0.6666666666666666
que,hicimos,2,198,0.010101010101010102
es,solo,2,67,0.029850746268656716
jaja,porque,2,62,0.03225806451612903
el,ejercicio,2,74,0.02702702702702703
que,dej√≥,2,198,0.010101010101010102
y,esto,2,85,0.023529411764705882
los,ejercicios,2,44,0.045454545454545456
yap,>,2,2,1.0
holaa,sip,2,10,0.2
sip,es,2,65,0.03076923076923077
es,este,2,67,0.029850746268656716
<,para,2,445,0.0044943820224719105
ser√≠a,como,2,8,0.25
que,voy,2,198,0.010101010101010102
medio,raro,2,2,1.0
pero,igual,2,57,0.03508771929824561
maestra,que,2,3,0.6666666666666666
a,tu,2,146,0.0136986301369863
ya,nos,2,87,0.022988505747126436
nos,vamos,2,18,0.1111111111111111
y,yo,2,85,0.023529411764705882
que,tengo,2,198,0.010101010101010102
los,2,2,44,0.045454545454545456
del,2do,2,32,0.0625
el,otro,2,74,0.02702702702702703
la,covarianza,2,84,0.023809523809523808
seg√∫n,lo,2,11,0.18181818181818182
con,jisus,2,32,0.0625
el,del,2,74,0.02702702702702703
<,en,2,445,0.0044943820224719105
10,>,2,3,0.6666666666666666
holaaa,oye,2,3,0.6666666666666666
de,web,2,150,0.013333333333333334
o,jajajaja,2,21,0.09523809523809523
es,la,2,67,0.029850746268656716
ya,ni,2,87,0.022988505747126436
porfa,>,2,6,0.3333333333333333
me,puedes,2,33,0.06060606060606061
que,con,2,198,0.010101010101010102
te,las,2,38,0.05263157894736842
si,esta,2,146,0.0136986301369863
lo,checo,2,115,0.017391304347826087
y,de,2,85,0.023529411764705882
de,esme,2,150,0.013333333333333334
la,introducci√≥n,2,84,0.023809523809523808
la,informaci√≥n,2,84,0.023809523809523808
ahorita,los,2,19,0.10526315789473684
conclusi√≥n,>,2,5,0.4
el,archivo,2,74,0.02702702702702703
ya,>,2,87,0.022988505747126436
ten√≠a,que,2,3,0.6666666666666666
no,jajajaj,2,100,0.02
ernesto,que,2,10,0.2
y,dijo,2,85,0.023529411764705882
sip,ma√±ana,2,65,0.03076923076923077
ma√±ana,te,2,15,0.13333333333333333
nada,jaja,2,31,0.06451612903225806
hice,de,2,3,0.6666666666666666
quieres,ver,2,24,0.08333333333333333
si,ahorita,2,146,0.0136986301369863
<,nos,2,445,0.0044943820224719105
sal√≥n,>,2,5,0.4
oye,lo,2,65,0.03076923076923077
de,hpc,2,150,0.013333333333333334
dijiste,que,2,3,0.6666666666666666
la,actividad,2,84,0.023809523809523808
foto,de,2,6,0.3333333333333333
jaja,gracias,2,62,0.03225806451612903
ir,ma√±ana,2,8,0.25
bueno,bueno,2,31,0.06451612903225806
jajaja,es,2,76,0.02631578947368421
no,m√°,2,100,0.02
m√°,jajaja,2,2,1.0
jajaja,pens√©,2,76,0.02631578947368421
las,historias,2,29,0.06896551724137931
es,para,2,67,0.029850746268656716
hoy,>,2,4,0.5
lab,>,2,4,0.5
historias,>,2,3,0.6666666666666666
que,seg√∫n,2,198,0.010101010101010102
pues,entonces,2,35,0.05714285714285714
si,yo,2,146,0.0136986301369863
despu√©s,del,2,4,0.5
no,xd,2,100,0.02
<,d√≥nde,2,445,0.0044943820224719105
d√≥nde,andas,2,6,0.3333333333333333
andas,>,2,2,1.0
web,>,2,3,0.6666666666666666
que,ten√≠amos,2,198,0.010101010101010102
ten√≠amos,que,2,2,1.0
el,model,2,74,0.02702702702702703
seg√∫n,el,2,11,0.18181818181818182
el,dto,2,74,0.02702702702702703
tienes,que,2,6,0.3333333333333333
hacer,lo,2,11,0.18181818181818182
jajaja,a,2,76,0.02631578947368421
a,hacer,2,146,0.0136986301369863
todo,el,2,8,0.25
lugar,donde,2,3,0.6666666666666666
de,an√°lisis,2,150,0.013333333333333334
an√°lisis,de,2,3,0.6666666666666666
ya,solo,2,87,0.022988505747126436
hicieron,lo,2,3,0.6666666666666666
lo,hab√≠as,2,115,0.017391304347826087
la,pr√°ctica,2,84,0.023809523809523808
me,dijo,2,33,0.06060606060606061
a,la,2,146,0.0136986301369863
la,escuela,2,84,0.023809523809523808
y,menos,2,85,0.023529411764705882
a,lo,2,146,0.0136986301369863
jajaja,entonces,2,76,0.02631578947368421
en,un,2,47,0.0425531914893617
ya,se,2,87,0.022988505747126436
se,fue,2,39,0.05128205128205128
a,jaja,2,146,0.0136986301369863
r√°pido,>,2,2,1.0
oye,ma√±ana,2,65,0.03076923076923077
ma√±ana,no,2,15,0.13333333333333333
es,necesario,2,67,0.029850746268656716
no,ando,2,100,0.02
ando,en,2,4,0.5
casa,jaja,2,3,0.6666666666666666
es,de,2,67,0.029850746268656716
mira,>,2,5,0.4
y,le,2,85,0.023529411764705882
ahorita,ya,2,19,0.10526315789473684
y,que,2,85,0.023529411764705882
entonces,no,2,24,0.08333333333333333
si,quieras,2,146,0.0136986301369863
la,hago,2,84,0.023809523809523808
hago,yo,2,2,1.0
<,ooooo,2,445,0.0044943820224719105
quieres,ya,2,24,0.08333333333333333
oye,una,2,65,0.03076923076923077
que,vas,2,198,0.010101010101010102
<,noooo,2,445,0.0044943820224719105
y,en,2,85,0.023529411764705882
informaci√≥n,y,2,5,0.4
y,mira,2,85,0.023529411764705882
ves,>,2,3,0.6666666666666666
el,problema,2,74,0.02702702702702703
jaja,voy,2,62,0.03225806451612903
porque,seg√∫n,2,28,0.07142857142857142
la,clase,2,84,0.023809523809523808
del,ejercicio,2,32,0.0625
<,aj√°,2,445,0.0044943820224719105
pero,lo,2,57,0.03508771929824561
jajaja,pues,2,76,0.02631578947368421
ma√±ana,lo,2,15,0.13333333333333333
con,ernesto,2,32,0.0625
si,ya,2,146,0.0136986301369863
al,grupo,2,8,0.25
que,tenemos,2,198,0.010101010101010102
cuando,llegues,2,3,0.6666666666666666
<,ajap,2,445,0.0044943820224719105
tiempo,>,2,2,1.0
pues,como,2,35,0.05714285714285714
te,fuiste,2,38,0.05263157894736842
ya,la,2,87,0.022988505747126436
jaja,solo,2,62,0.03225806451612903
que,va,2,198,0.010101010101010102
no,jajaj,2,100,0.02
jajajaj,a,2,15,0.13333333333333333
dice,que,2,6,0.3333333333333333
se,va,2,39,0.05128205128205128
que,creo,2,198,0.010101010101010102
pero,seg√∫n,2,57,0.03508771929824561
es,como,2,67,0.029850746268656716
eso,jajaja,2,26,0.07692307692307693
que,solo,2,198,0.010101010101010102
a,>,2,146,0.0136986301369863
checo,>,2,5,0.4
foto,>,2,6,0.3333333333333333
de,esos,2,150,0.013333333333333334
<,yo,2,445,0.0044943820224719105
s√≠,>,2,5,0.4
oye,no,2,65,0.03076923076923077
a√∫n,no,2,5,0.4
lo,pongo,2,115,0.017391304347826087
vava,jaja,2,17,0.11764705882352941
<,le,2,445,0.0044943820224719105
a,poner,2,146,0.0136986301369863
poner,en,2,7,0.2857142857142857
bien,jaja,2,25,0.08
le,quieres,2,27,0.07407407407407407
quieres,decir,2,24,0.08333333333333333
ver,qu√©,2,14,0.14285714285714285
preguntan,>,2,2,1.0
a,oye,2,146,0.0136986301369863
que,yo,2,198,0.010101010101010102
si,pod√≠a,2,146,0.0136986301369863
si,>,2,146,0.0136986301369863
para,hacer,2,29,0.06896551724137931
de,mi,2,150,0.013333333333333334
pero,es,2,57,0.03508771929824561
y,es,2,85,0.023529411764705882
nos,falto,2,18,0.1111111111111111
los,resultados,2,44,0.045454545454545456
las,respuestas,2,29,0.06896551724137931
del,tda,2,32,0.0625
para,explicarlo,2,29,0.06896551724137931
autores,>,2,4,0.5
que,tomar,2,198,0.010101010101010102
los,s√≠ntomas,2,44,0.045454545454545456
que,puse,2,198,0.010101010101010102
de,eso,2,150,0.013333333333333334
vava,sip,2,17,0.11764705882352941
si,mejor,2,146,0.0136986301369863
mejor,si,2,6,0.3333333333333333
porque,pues,2,28,0.07142857142857142
podr√≠a,ser,2,3,0.6666666666666666
mmmm,pues,2,3,0.6666666666666666
la,carrera,2,84,0.023809523809523808
si,jajaj,2,146,0.0136986301369863
que,dec√≠a,2,198,0.010101010101010102
jaja,yo,2,62,0.03225806451612903
yo,digo,2,25,0.08
a,vavav,2,146,0.0136986301369863
entonces,ya,2,24,0.08333333333333333
deja,veo,2,4,0.5
c√≥mo,lo,2,5,0.4
lo,voy,2,115,0.017391304347826087
a,pasar,2,146,0.0136986301369863
ntp,>,2,3,0.6666666666666666
jajaja,por,2,76,0.02631578947368421
consejos,adicionales,2,4,0.5
<,lo,2,445,0.0044943820224719105
de,conocer,2,150,0.013333333333333334
conocer,a,2,2,1.0
por,eso,2,25,0.08
los,consejos,2,44,0.045454545454545456
a,vavava,2,146,0.0136986301369863
que,paso,2,198,0.010101010101010102
te,vayas,2,38,0.05263157894736842
ya,ahorita,2,87,0.022988505747126436
jajaj,no,2,25,0.08
<,jajajajaja,2,445,0.0044943820224719105
jajajajaja,no,2,4,0.5
es,cierto,2,67,0.029850746268656716
est√°n,>,2,3,0.6666666666666666
ya,sal√≠,2,87,0.022988505747126436
jajaja,ya,2,76,0.02631578947368421
a,celis,2,146,0.0136986301369863
xd,y,2,42,0.047619047619047616
<,voy,2,445,0.0044943820224719105
üòÖ,>,2,2,1.0
el,pasillo,2,74,0.02702702702702703
por,el,2,25,0.08
la,tengo,2,84,0.023809523809523808
no,maaa,2,100,0.02
me,sale,2,33,0.06060606060606061
qued√≥,>,2,7,0.2857142857142857
a,los,2,146,0.0136986301369863
los,ba√±os,2,44,0.045454545454545456
chi,gracias,2,5,0.4
el,modelo,2,74,0.02702702702702703
los,datos,2,44,0.045454545454545456
la,serie,2,84,0.023809523809523808
puse,eso,2,7,0.2857142857142857
se,refiere,2,39,0.05128205128205128
de,una,2,150,0.013333333333333334
pasas,las,1,9,0.1111111111111111
las,fotos,1,29,0.034482758620689655
fotos,o,1,1,1.0
o,v√≠deos,1,21,0.047619047619047616
v√≠deos,que,1,1,1.0
sacamos,de,1,2,0.5
de,hoy,1,150,0.006666666666666667
hoy,porfa,1,4,0.25
las,√∫ltimas,1,29,0.034482758620689655
√∫ltimas,del,1,1,1.0
del,28,1,32,0.03125
28,no,1,1,1.0
si,est√©n,1,146,0.00684931506849315
est√©n,bien,1,1,1.0
bien,jajaj,1,25,0.04
anteriores,si,1,2,0.5
si,tienes,1,146,0.00684931506849315
tienes,todos,1,6,0.16666666666666666
todos,es,1,4,0.25
me,falta,1,33,0.030303030303030304
falta,el,1,5,0.2
el,16,1,74,0.013513513513513514
16,19,1,1,1.0
19,27,1,1,1.0
27,y,1,1,1.0
y,los,1,85,0.011764705882352941
los,√∫ltimos,1,44,0.022727272727272728
√∫ltimos,2,1,1,1.0
2,del,1,7,0.14285714285714285
del,12,1,32,0.03125
12,jajaj,1,1,1.0
si,igual,1,146,0.00684931506849315
igual,anot√©,1,13,0.07692307692307693
anot√©,que,1,1,1.0
era,sustentabilidad,1,6,0.16666666666666666
sustentabilidad,>,1,1,1.0
pasas,mis,1,9,0.1111111111111111
mis,fotitos,1,2,0.5
fotitos,jajaja,1,1,1.0
jajaja,porfa,1,76,0.013157894736842105
porfa,:3,1,6,0.16666666666666666
sip,ahorita,1,65,0.015384615384615385
lo,paso,1,115,0.008695652173913044
irving,tendr√°s,1,8,0.125
tendr√°s,el,1,1,1.0
√∫ltimo,ejercicio,1,2,0.5
ejercicio,del,1,5,0.2
del,1,1,32,0.03125
1,del,1,2,0.5
del,problemario,1,32,0.03125
problemario,de,1,1,1.0
de,calculo,1,150,0.006666666666666667
calculo,y,1,1,1.0
el,5,1,74,0.013513513513513514
5,jajaja,1,3,0.3333333333333333
jaja,est√°,1,62,0.016129032258064516
bien,gracias,1,25,0.04
gracias,cu√°les,1,29,0.034482758620689655
cu√°les,son,1,1,1.0
son,los,1,5,0.2
los,que,1,44,0.022727272727272728
ya,tienes,1,87,0.011494252873563218
tienes,>,1,6,0.16666666666666666
a,va,1,146,0.00684931506849315
va,va,1,21,0.047619047619047616
gracias,ahorita,1,29,0.034482758620689655
ahorita,lo,1,19,0.05263157894736842
lo,veo,1,115,0.008695652173913044
<,https://meet.google.com/mox-fiad-xqi,1,445,0.0022471910112359553
https://meet.google.com/mox-fiad-xqi,>,1,1,1.0
holaaa,jeje,1,3,0.3333333333333333
jeje,feliz,1,2,0.5
feliz,d√≠a,1,1,1.0
d√≠a,irving,1,1,1.0
irving,te,1,8,0.125
te,quiero,1,38,0.02631578947368421
quiero,mucho,1,1,1.0
mucho,:3,1,4,0.25
:3,ya,1,34,0.029411764705882353
nos,vimos,1,18,0.05555555555555555
en,vacaciones,1,47,0.02127659574468085
vacaciones,pero,1,2,0.5
pero,cuando,1,57,0.017543859649122806
cuando,te,1,3,0.3333333333333333
te,vea,1,38,0.02631578947368421
vea,te,1,1,1.0
te,doy,1,38,0.02631578947368421
doy,tu,1,3,0.3333333333333333
tu,regalo,1,9,0.1111111111111111
regalo,atrasado,1,1,1.0
atrasado,‚ò∫,1,1,1.0
cierto,como,1,5,0.2
como,te,1,21,0.047619047619047616
fue,en,1,7,0.14285714285714285
qu√©,grupo,1,5,0.2
grupo,te,1,5,0.2
te,inscribiste,1,38,0.02631578947368421
inscribiste,>,1,1,1.0
entonces,nos,1,24,0.041666666666666664
nos,veremos,1,18,0.05555555555555555
veremos,en,1,1,1.0
en,las,1,47,0.02127659574468085
clases,de,1,2,0.5
checando,los,1,3,0.3333333333333333
los,grupos,1,44,0.022727272727272728
grupos,y,1,1,1.0
pues,estaba,1,35,0.02857142857142857
estaba,viendo,1,3,0.3333333333333333
viendo,que,1,2,0.5
pues,ser√≠a,1,35,0.02857142857142857
ser√≠a,que,1,8,0.125
que,dieras,1,198,0.005050505050505051
dieras,de,1,1,1.0
de,baja,1,150,0.006666666666666667
baja,progra,1,1,1.0
progra,para,1,1,1.0
para,ciencia,1,29,0.034482758620689655
ciencia,de,1,1,1.0
ma√±ana,porque,1,15,0.06666666666666667
porque,a√∫n,1,28,0.03571428571428571
a√∫n,hay,1,5,0.2
hay,3,1,8,0.125
3,lugares,1,7,0.14285714285714285
lugares,>,1,1,1.0
tambi√©n,que,1,9,0.1111111111111111
que,quitar√°s,1,198,0.005050505050505051
quitar√°s,la,1,1,1.0
de,algoritmos,1,150,0.006666666666666667
algoritmos,y,1,2,0.5
y,estructura,1,85,0.011764705882352941
estructura,de,1,1,1.0
el,2av2,1,74,0.013513513513513514
2av2,>,1,1,1.0
<,ah√≠,1,445,0.0022471910112359553
ah√≠,queda,1,10,0.1
queda,1,1,1,1.0
1,lugar,1,2,0.5
lugar,y,1,3,0.3333333333333333
as√≠,saldr√≠as,1,6,0.16666666666666666
saldr√≠as,todos,1,1,1.0
todos,los,1,4,0.25
los,d√≠as,1,44,0.022727272727272728
d√≠as,a,1,1,1.0
a,las,1,146,0.00684931506849315
las,6,1,29,0.034482758620689655
mira,seg√∫n,1,5,0.2
yo,seria,1,25,0.04
seria,as√≠,1,1,1.0
as√≠,ya,1,6,0.16666666666666666
ya,nada,1,87,0.011494252873563218
mas,checa,1,2,0.5
checa,que,1,2,0.5
no,espera,1,100,0.01
espera,no,1,1,1.0
tienes,algoritmos,1,6,0.16666666666666666
algoritmos,jajaj,1,2,0.5
sin,la,1,3,0.3333333333333333
de,verde,1,150,0.006666666666666667
verde,jajaj,1,1,1.0
<,jajajajjaa,1,445,0.0022471910112359553
jajajajjaa,si,1,1,1.0
si,est√°,1,146,0.00684931506849315
bien,porque,1,25,0.04
porque,en,1,28,0.03571428571428571
en,si,1,47,0.02127659574468085
no,cambia,1,100,0.01
cambia,nada,1,1,1.0
solo,cambias,1,22,0.045454545454545456
cambias,el,1,1,1.0
grupo,pero,1,5,0.2
pero,las,1,57,0.017543859649122806
las,materias,1,29,0.034482758620689655
materias,son,1,1,1.0
son,las,1,5,0.2
las,mismas,1,29,0.034482758620689655
mismas,jajaj,1,1,1.0
sip,‚ò∫,1,65,0.015384615384615385
:3,buenas,1,34,0.029411764705882353
buenas,noches,1,1,1.0
noches,sip,1,1,1.0
te,paso,1,38,0.02631578947368421
paso,lo,1,6,0.16666666666666666
hicimos,hoy,1,3,0.3333333333333333
hoy,en,1,4,0.25
en,proba,1,47,0.02127659574468085
proba,>,1,1,1.0
bueno,en,1,31,0.03225806451612903
en,realidad,1,47,0.02127659574468085
realidad,es,1,1,1.0
solo,copiar,1,22,0.045454545454545456
copiar,diapositivas,1,1,1.0
diapositivas,jaja,1,3,0.3333333333333333
porque,agrego,1,28,0.03571428571428571
agrego,unas,1,1,1.0
unas,y,1,2,0.5
y,ser√≠a,1,85,0.011764705882352941
ser√≠a,de,1,8,0.125
la,31-33,1,84,0.011904761904761904
31-33,>,1,1,1.0
<,hicimos,1,445,0.0022471910112359553
hicimos,el,1,3,0.3333333333333333
ejercicio,que,1,5,0.2
dej√≥,de,1,3,0.3333333333333333
de,tarea,1,150,0.006666666666666667
tarea,y,1,1,1.0
esto,fue,1,2,0.5
fue,lo,1,7,0.14285714285714285
que,apunt√≥,1,198,0.005050505050505051
apunt√≥,>,1,1,1.0
tambi√©n,dejo,1,9,0.1111111111111111
dejo,hacer,1,2,0.5
hacer,los,1,11,0.09090909090909091
ejercicios,de,1,4,0.25
las,diapositivas,1,29,0.034482758620689655
diapositivas,69,1,3,0.3333333333333333
69,y,1,1,1.0
y,70,1,85,0.011764705882352941
70,>,1,1,1.0
y,yap,1,85,0.011764705882352941
<,"https://web.seducoahuila.gob.mx/biblioweb/upload/abbott,%20edwin%20a.%20-%20planilandia.pdf",1,445,0.0022471910112359553
"https://web.seducoahuila.gob.mx/biblioweb/upload/abbott,%20edwin%20a.%20-%20planilandia.pdf",>,1,1,1.0
el,3,1,74,0.013513513513513514
3,ser√≠a,1,7,0.14285714285714285
como,el,1,21,0.047619047619047616
el,software,1,74,0.013513513513513514
software,porque,1,1,1.0
los,usos,1,44,0.022727272727272728
usos,ser√≠a,1,1,1.0
ser√≠a,el,1,8,0.125
el,2,1,74,0.013513513513513514
2,que,1,7,0.14285714285714285
a,buscar,1,146,0.00684931506849315
buscar,>,1,1,1.0
est√°,medio,1,19,0.05263157894736842
raro,pero,1,5,0.2
igual,es,1,13,0.07692307692307693
solo,para,1,22,0.045454545454545456
para,asegurar,1,29,0.034482758620689655
asegurar,que,1,1,1.0
nos,valla,1,18,0.05555555555555555
valla,a,1,1,1.0
decir,la,1,7,0.14285714285714285
que,falt√≥,1,198,0.005050505050505051
falt√≥,algo,1,2,0.5
quedar,a,1,3,0.3333333333333333
tu,√∫ltima,1,9,0.1111111111111111
√∫ltima,clase,1,2,0.5
clase,o,1,3,0.3333333333333333
vas,>,1,9,0.1111111111111111
ahorita,alomejor,1,19,0.05263157894736842
alomejor,ya,1,3,0.3333333333333333
vamos,esme,1,6,0.16666666666666666
sip,te,1,65,0.015384615384615385
te,mando,1,38,0.02631578947368421
mando,el,1,2,0.5
tengo,de,1,8,0.125
2,ejercicios,1,7,0.14285714285714285
ejercicios,>,1,4,0.25
y,del,1,85,0.011764705882352941
2do,tengo,1,2,0.5
tengo,2,1,8,0.125
2,uno,1,7,0.14285714285714285
uno,es,1,1,1.0
el,normal,1,74,0.013513513513513514
normal,y,1,1,1.0
otro,con,1,6,0.16666666666666666
con,las,1,32,0.03125
las,alternativas,1,29,0.034482758620689655
alternativas,>,1,1,1.0
holaa,pues,1,10,0.1
pues,no,1,35,0.02857142857142857
lo,acabe,1,115,0.008695652173913044
acabe,porque,1,1,1.0
porque,qued√≥,1,28,0.03571428571428571
qued√≥,todo,1,7,0.14285714285714285
todo,raro,1,8,0.125
raro,el,1,5,0.2
el,resultado,1,74,0.013513513513513514
resultado,de,1,1,1.0
covarianza,y,1,2,0.5
y,siento,1,85,0.011764705882352941
est√°,mal,1,19,0.05263157894736842
mal,pero,1,1,1.0
pero,ye,1,57,0.017543859649122806
ye,mando,1,1,1.0
mando,hasta,1,2,0.5
hasta,donde,1,9,0.1111111111111111
donde,llegu√©,1,7,0.14285714285714285
llegu√©,>,1,1,1.0
y,bueno,1,85,0.011764705882352941
bueno,seg√∫n,1,31,0.03225806451612903
hicimos,con,1,3,0.3333333333333333
jisus,hasta,1,4,0.25
hasta,antes,1,9,0.1111111111111111
covarianza,va,1,2,0.5
va,bien,1,21,0.047619047619047616
jajaja,de,1,76,0.013157894736842105
o,solo,1,21,0.047619047619047616
solo,tengo,1,22,0.045454545454545456
tengo,el,1,8,0.125
del,primer,1,32,0.03125
primer,parcial,1,3,0.3333333333333333
parcial,porque,1,2,0.5
porque,el,1,28,0.03571428571428571
2do,lo,1,2,0.5
lo,subi√≥,1,115,0.008695652173913044
subi√≥,diego,1,2,0.5
diego,>,1,2,0.5
en,ese,1,47,0.02127659574468085
ese,10,1,2,0.5
irving,el,1,8,0.125
web,entrego,1,3,0.3333333333333333
entrego,los,1,2,0.5
los,ex√°menes,1,44,0.022727272727272728
ex√°menes,>,1,1,1.0
jajajaja,rayos,1,15,0.06666666666666667
rayos,cu√°nto,1,5,0.2
cu√°nto,sacaste,1,2,0.5
sacaste,>,1,1,1.0
<,oooo,1,445,0.0022471910112359553
oooo,no,1,1,1.0
no,maaaa,1,100,0.01
maaaa,pero,1,1,1.0
pero,te,1,57,0.017543859649122806
fue,muy,1,7,0.14285714285714285
muy,bien,1,1,1.0
bien,:3,1,25,0.04
<,manda,1,445,0.0022471910112359553
manda,foto,1,2,0.5
foto,jaja,1,6,0.16666666666666666
jaja,a,1,62,0.016129032258064516
me,acuerdo,1,33,0.030303030303030304
acuerdo,de,1,1,1.0
de,mis,1,150,0.006666666666666667
mis,respuestas,1,2,0.5
respuestas,xd,1,3,0.3333333333333333
<,ooo,1,445,0.0022471910112359553
ooo,ya,1,1,1.0
ya,estuvo,1,87,0.011494252873563218
estuvo,bien,1,1,1.0
jaja,rayos,1,62,0.016129032258064516
rayos,si,1,5,0.2
la,otra,1,84,0.011904761904761904
otra,versi√≥n,1,2,0.5
versi√≥n,del,1,1,1.0
del,examen,1,32,0.03125
examen,bueno,1,5,0.2
bueno,ya,1,31,0.03225806451612903
ni,modo,1,4,0.25
modo,le,1,1,1.0
le,pido,1,27,0.037037037037037035
pido,mi,1,1,1.0
mi,examen,1,9,0.1111111111111111
examen,el,1,5,0.2
el,jueves,1,74,0.013513513513513514
jueves,>,1,1,1.0
<,oie,1,445,0.0022471910112359553
oie,:3,1,1,1.0
:3,ahorita,1,34,0.029411764705882353
ahorita,me,1,19,0.05263157894736842
me,mandas,1,33,0.030303030303030304
mandas,capturas,1,1,1.0
capturas,de,1,2,0.5
que,vallan,1,198,0.005050505050505051
vallan,haciendo,1,1,1.0
haciendo,en,1,4,0.25
en,c√≥mputo,1,47,0.02127659574468085
c√≥mputo,porfa,1,3,0.3333333333333333
<,jjajajjajaja,1,445,0.0022471910112359553
jjajajjajaja,bueno,1,1,1.0
<,irving,1,445,0.0022471910112359553
irving,p√°same,1,8,0.125
p√°same,las,1,1,1.0
las,capturas,1,29,0.034482758620689655
capturas,>,1,2,0.5
puedes,pasar,1,2,0.5
pasar,tus,1,4,0.25
tus,referencias,1,1,1.0
referencias,pero,1,1,1.0
pero,con,1,57,0.017543859649122806
con,formato,1,32,0.03125
formato,iso,1,2,0.5
iso,es,1,1,1.0
el,formato,1,74,0.013513513513513514
formato,que,1,2,0.5
las,dio,1,29,0.034482758620689655
dio,no,1,1,1.0
es,jajaj,1,67,0.014925373134328358
jajaj,xd,1,25,0.04
sip,gracias,1,65,0.015384615384615385
<,esos,1,445,0.0022471910112359553
esos,serian,1,3,0.3333333333333333
serian,los,1,1,1.0
los,del,1,44,0.022727272727272728
del,paso,1,32,0.03125
paso,2,1,6,0.16666666666666666
2,>,1,7,0.14285714285714285
<,:o,1,445,0.0022471910112359553
:o,>,1,1,1.0
jajaja,creo,1,76,0.013157894736842105
bien,lo,1,25,0.04
la,intro,1,84,0.011904761904761904
intro,aun,1,1,1.0
aun,no,1,1,1.0
checo,xd,1,5,0.2
a,hacerla,1,146,0.00684931506849315
hacerla,>,1,1,1.0
a,tambi√©n,1,146,0.00684931506849315
tambi√©n,falta,1,9,0.1111111111111111
falta,poner,1,5,0.2
los,nombres,1,44,0.022727272727272728
nombres,de,1,1,1.0
de,jisus,1,150,0.006666666666666667
jisus,y,1,4,0.25
esme,>,1,5,0.2
oye,para,1,65,0.015384615384615385
para,la,1,29,0.034482758620689655
introducci√≥n,si,1,2,0.5
quieres,usa,1,24,0.041666666666666664
usa,algo,1,1,1.0
informaci√≥n,que,1,5,0.2
que,viene,1,198,0.005050505050505051
viene,en,1,4,0.25
tema,3.5.4,1,6,0.16666666666666666
3.5.4,de,1,1,1.0
las,notas,1,29,0.034482758620689655
notas,>,1,1,1.0
jajajaja,ahorita,1,15,0.06666666666666667
los,pongo,1,44,0.022727272727272728
pongo,si,1,4,0.25
qued√≥,la,1,7,0.14285714285714285
jajaja,quieres,1,76,0.013157894736842105
quieres,que,1,24,0.041666666666666664
te,pase,1,38,0.02631578947368421
pase,lo,1,1,1.0
dice,el,1,6,0.16666666666666666
archivo,>,1,2,0.5
chi,le,1,5,0.2
le,modifique,1,27,0.037037037037037035
modifique,un,1,1,1.0
un,poco,1,10,0.1
poco,el,1,1,1.0
el,orden,1,74,0.013513513513513514
orden,y,1,2,0.5
y,algunas,1,85,0.011764705882352941
algunas,palabras,1,2,0.5
palabras,porque,1,1,1.0
porque,parec√≠a,1,28,0.03571428571428571
parec√≠a,conclusi√≥n,1,1,1.0
conclusi√≥n,pero,1,5,0.2
pero,ya,1,57,0.017543859649122806
quieres,entr√©galo,1,24,0.041666666666666664
entr√©galo,xd,1,1,1.0
si,ten√≠a,1,146,0.00684931506849315
que,ser,1,198,0.005050505050505051
ser,de,1,4,0.25
de,3,1,150,0.006666666666666667
clases,es,1,2,0.5
no,encuentro,1,100,0.01
encuentro,nada,1,1,1.0
jajajaj,xd,1,15,0.06666666666666667
xd,pero,1,42,0.023809523809523808
pero,le,1,57,0.017543859649122806
le,dec√≠a,1,27,0.037037037037037035
dec√≠a,a,1,3,0.3333333333333333
que,pod√≠amos,1,198,0.005050505050505051
pod√≠amos,usar,1,1,1.0
usar,el,1,3,0.3333333333333333
sacamos,con,1,2,0.5
jisus,de,1,4,0.25
los,derrames,1,44,0.022727272727272728
derrames,porque,1,1,1.0
porque,le,1,28,0.03571428571428571
le,pregunt√©,1,27,0.037037037037037035
pregunt√©,a,1,2,0.5
a,esme,1,146,0.00684931506849315
que,ellos,1,198,0.005050505050505051
ellos,usar√≠an,1,1,1.0
usar√≠an,otro,1,1,1.0
otro,>,1,6,0.16666666666666666
<,https://www.kaggle.com/datasets/shashwatwork/cerebral-stroke-predictionimbalaced-dataset,1,445,0.0022471910112359553
https://www.kaggle.com/datasets/shashwatwork/cerebral-stroke-predictionimbalaced-dataset,>,1,1,1.0
<,https://www.kaggle.com/datasets/rohitudageri/credit-card-details,1,445,0.0022471910112359553
https://www.kaggle.com/datasets/rohitudageri/credit-card-details,>,1,1,1.0
la,llevo,1,84,0.011904761904761904
llevo,>,1,1,1.0
oye,aqui,1,65,0.015384615384615385
aqui,esta,1,1,1.0
esta,lo,1,5,0.2
que,hice,1,198,0.005050505050505051
de,analsis,1,150,0.006666666666666667
analsis,de,1,1,1.0
datos,por,1,7,0.14285714285714285
ver,jaja,1,14,0.07142857142857142
<,https://colab.research.google.com/drive/13qy2h4lcq_6emy51dbxb9-6hw-awnejg?usp=sharing,1,445,0.0022471910112359553
https://colab.research.google.com/drive/13qy2h4lcq_6emy51dbxb9-6hw-awnejg?usp=sharing,>,1,1,1.0
lo,doy,1,115,0.008695652173913044
doy,>,1,3,0.3333333333333333
quedar,en,1,3,0.3333333333333333
el,sal√≥n,1,74,0.013513513513513514
hpc,dijiste,1,3,0.3333333333333333
que,para,1,198,0.005050505050505051
para,subir,1,29,0.034482758620689655
subir,el,1,3,0.3333333333333333
el,pdf,1,74,0.013513513513513514
pdf,solo,1,1,1.0
solo,tenemos,1,22,0.045454545454545456
que,poner,1,198,0.005050505050505051
poner,la,1,7,0.14285714285714285
conclusi√≥n,de,1,5,0.2
de,nuestro,1,150,0.006666666666666667
nuestro,tema,1,1,1.0
tema,y,1,6,0.16666666666666666
y,luego,1,85,0.011764705882352941
luego,la,1,3,0.3333333333333333
introducci√≥n,y,1,2,0.5
y,conclusi√≥n,1,85,0.011764705882352941
conclusi√≥n,general,1,5,0.2
general,de,1,2,0.5
actividad,>,1,3,0.3333333333333333
la,conferencia,1,84,0.011904761904761904
conferencia,:3,1,1,1.0
bueno,jajaja,1,31,0.03225806451612903
que,igual,1,198,0.005050505050505051
igual,nosotros,1,13,0.07692307692307693
nosotros,and√°bamos,1,2,0.5
and√°bamos,diciendo,1,1,1.0
diciendo,que,1,1,1.0
no,vamos,1,100,0.01
ir,>,1,8,0.125
chi,ya,1,5,0.2
ya,si,1,87,0.011494252873563218
vas,y,1,9,0.1111111111111111
y,hacen,1,85,0.011764705882352941
hacen,algo,1,1,1.0
algo,importante,1,15,0.06666666666666667
importante,en,1,3,0.3333333333333333
en,hpc,1,47,0.02127659574468085
hpc,me,1,3,0.3333333333333333
me,avisas,1,33,0.030303030303030304
avisas,>,1,1,1.0
si,entraste,1,146,0.00684931506849315
entraste,a,1,1,1.0
a,c√≥mputo,1,146,0.00684931506849315
c√≥mputo,>,1,3,0.3333333333333333
ya,hasta,1,87,0.011494252873563218
hasta,andaban,1,9,0.1111111111111111
andaban,haciendo,1,1,1.0
haciendo,la,1,4,0.25
actividad,de,1,3,0.3333333333333333
historias,porque,1,3,0.3333333333333333
porque,puso,1,28,0.03571428571428571
puso,que,1,2,0.5
para,hoy,1,29,0.034482758620689655
si,llego,1,146,0.00684931506849315
llego,el,1,2,0.5
de,c√≥mputo,1,150,0.006666666666666667
c√≥mputo,jajajaja,1,3,0.3333333333333333
entonces,se,1,24,0.041666666666666664
se,fueron,1,39,0.02564102564102564
fueron,a,1,2,0.5
a,lab,1,146,0.00684931506849315
<,nooooo,1,445,0.0022471910112359553
nooooo,jajajajaja,1,1,1.0
jajajajaja,ya,1,4,0.25
ya,vali√≥,1,87,0.011494252873563218
vali√≥,>,1,1,1.0
<,aaaa,1,445,0.0022471910112359553
aaaa,ya,1,1,1.0
ya,pero,1,87,0.011494252873563218
pero,entonces,1,57,0.017543859649122806
si,fueron,1,146,0.00684931506849315
fueron,varias,1,2,0.5
varias,historias,1,1,1.0
seg√∫n,se,1,11,0.09090909090909091
se,tienen,1,39,0.02564102564102564
tienen,que,1,2,0.5
que,subir,1,198,0.005050505050505051
subir,todas,1,3,0.3333333333333333
todas,las,1,1,1.0
vavava,gracias,1,5,0.2
si,las,1,146,0.00684931506849315
las,conseguiste,1,29,0.034482758620689655
conseguiste,jajajaj,1,2,0.5
bueno,va,1,31,0.03225806451612903
si,ir√©,1,146,0.00684931506849315
ir√©,pero,1,1,1.0
pero,voy,1,57,0.017543859649122806
a,llegar,1,146,0.00684931506849315
llegar,despu√©s,1,3,0.3333333333333333
del,descanso,1,32,0.03125
descanso,>,1,1,1.0
est√°,en,1,19,0.05263157894736842
mi,git,1,9,0.1111111111111111
git,jajjaa,1,1,1.0
jajjaa,>,1,1,1.0
<,correee,1,445,0.0022471910112359553
correee,>,1,1,1.0
ya,est√°s,1,87,0.011494252873563218
est√°s,haciendo,1,2,0.5
haciendo,tu,1,4,0.25
tu,examen,1,9,0.1111111111111111
examen,de,1,5,0.2
tengo,duda,1,8,0.125
duda,recuerdas,1,2,0.5
recuerdas,como,1,1,1.0
como,dijo,1,21,0.047619047619047616
que,manejar,1,198,0.005050505050505051
manejar,lo,1,1,1.0
del,dto,1,32,0.03125
dto,y,1,3,0.3333333333333333
model,>,1,2,0.5
dto,es,1,3,0.3333333333333333
el,front,1,74,0.013513513513513514
front,no,1,1,1.0
pero,osea,1,57,0.017543859649122806
osea,por,1,1,1.0
por,ejemplo,1,25,0.04
ejemplo,si,1,2,0.5
quieres,hacer,1,24,0.041666666666666664
hacer,un,1,11,0.09090909090909091
un,get,1,10,0.1
get,para,1,2,0.5
para,mostrar,1,29,0.034482758620689655
mostrar,la,1,1,1.0
informaci√≥n,de,1,5,0.2
de,algo,1,150,0.006666666666666667
algo,lo,1,15,0.06666666666666667
lo,har√≠as,1,115,0.008695652173913044
har√≠as,con,1,1,1.0
model,o,1,2,0.5
o,con,1,21,0.047619047619047616
dto,>,1,3,0.3333333333333333
o,tienes,1,21,0.047619047619047616
2,y,1,7,0.14285714285714285
ya,mostrando,1,87,0.011494252873563218
mostrando,diferente,1,1,1.0
diferente,informaci√≥n,1,2,0.5
informaci√≥n,>,1,5,0.2
xd,entonces,1,42,0.023809523809523808
entonces,voy,1,24,0.041666666666666664
hacer,de,1,11,0.09090909090909091
de,ambos,1,150,0.006666666666666667
ambos,gracias,1,1,1.0
jaja,en,1,62,0.016129032258064516
en,sql,1,47,0.02127659574468085
sql,no,1,1,1.0
se,hace,1,39,0.02564102564102564
hace,nada,1,1,1.0
la,conexi√≥n,1,84,0.011904761904761904
conexi√≥n,y,1,1,1.0
y,todo,1,85,0.011764705882352941
el,c√≥digo,1,74,0.013513513513513514
c√≥digo,del,1,1,1.0
del,context,1,32,0.03125
context,>,1,1,1.0
<,me,1,445,0.0022471910112359553
me,jala,1,33,0.030303030303030304
jala,pero,1,1,1.0
sin,el,1,3,0.3333333333333333
el,ocelot,1,74,0.013513513513513514
ocelot,es,1,1,1.0
que,eso,1,198,0.005050505050505051
eso,no,1,26,0.038461538461538464
se,que,1,39,0.02564102564102564
que,onda,1,198,0.005050505050505051
onda,pero,1,1,1.0
lo,dejo,1,115,0.008695652173913044
dejo,no,1,2,0.5
me,agarra,1,33,0.030303030303030304
agarra,el,1,1,1.0
el,get,1,74,0.013513513513513514
get,>,1,2,0.5
quieres,dejar,1,24,0.041666666666666664
dejar,pongo,1,1,1.0
pongo,debajo,1,4,0.25
debajo,del,1,1,1.0
del,app.run,1,32,0.03125
app.run,es,1,1,1.0
el,√∫nico,1,74,0.013513513513513514
√∫nico,lugar,1,1,1.0
donde,a,1,7,0.14285714285714285
a,m√≠,1,146,0.00684931506849315
m√≠,me,1,1,1.0
me,funciona,1,33,0.030303030303030304
funciona,pero,1,1,1.0
pero,porque,1,57,0.017543859649122806
porque,supongo,1,28,0.03571428571428571
supongo,que,1,1,1.0
que,ni,1,198,0.005050505050505051
ni,siquiera,1,4,0.25
siquiera,lo,1,1,1.0
lo,ejecuta,1,115,0.008695652173913044
ejecuta,jaja,1,1,1.0
<,ocelot.json,1,445,0.0022471910112359553
ocelot.json,>,1,1,1.0
<,program.cs,1,445,0.0022471910112359553
program.cs,>,1,1,1.0
si,voy,1,146,0.00684931506849315
datos,ya,1,7,0.14285714285714285
lo,haremos,1,115,0.008695652173913044
haremos,ernesto,1,1,1.0
ernesto,tu,1,10,0.1
tu,y,1,9,0.1111111111111111
yo,porque,1,25,0.04
porque,esme,1,28,0.03571428571428571
y,jisus,1,85,0.011764705882352941
jisus,hicieron,1,4,0.25
lo,suyo,1,115,0.008695652173913044
suyo,jajaja,1,1,1.0
si,bueno,1,146,0.00684931506849315
bueno,no,1,31,0.03225806451612903
si,ernesto,1,146,0.00684931506849315
ernesto,quiera,1,10,0.1
quiera,hacer,1,2,0.5
hacer,algo,1,11,0.09090909090909091
algo,ahorita,1,15,0.06666666666666667
ahorita,pero,1,19,0.05263157894736842
no,yo,1,100,0.01
yo,le,1,25,0.04
le,empiezo,1,27,0.037037037037037035
empiezo,>,1,1,1.0
te,quedaste,1,38,0.02631578947368421
quedaste,con,1,1,1.0
con,mi,1,32,0.03125
mi,cargador,1,9,0.1111111111111111
cargador,verdad,1,1,1.0
me,acordaba,1,33,0.030303030303030304
acordaba,si,1,1,1.0
me,lo,1,33,0.030303030303030304
hab√≠as,dado,1,4,0.25
dado,xd,1,1,1.0
irving,si,1,8,0.125
si,hicieron,1,146,0.00684931506849315
pr√°ctica,que,1,2,0.5
que,subi√≥,1,198,0.005050505050505051
subi√≥,el,1,2,0.5
hpc,>,1,3,0.3333333333333333
a,jajajajaja,1,146,0.00684931506849315
jajajajaja,pens√©,1,4,0.25
si,hab√≠as,1,146,0.00684931506849315
hab√≠as,ido,1,4,0.25
ido,xd,1,1,1.0
<,la,1,445,0.0022471910112359553
pr√°ctica,de,1,2,0.5
la,bd,1,84,0.011904761904761904
bd,>,1,1,1.0
jaja,pero,1,62,0.016129032258064516
pero,estoy,1,57,0.017543859649122806
estoy,apuntando,1,1,1.0
apuntando,los,1,1,1.0
los,comandos,1,44,0.022727272727272728
comandos,y,1,1,1.0
ni,te,1,4,0.25
te,pregunt√©,1,38,0.02631578947368421
pregunt√©,ayer,1,2,0.5
ayer,jajaja,1,1,1.0
jajaja,hicieron,1,76,0.013157894736842105
hicieron,mucho,1,3,0.3333333333333333
mucho,en,1,4,0.25
en,web,1,47,0.02127659574468085
a,yayaya,1,146,0.00684931506849315
yayaya,a,1,2,0.5
jaja,va,1,62,0.016129032258064516
dijo,ernesto,1,8,0.125
no,va,1,100,0.01
ma√±ana,a,1,15,0.06666666666666667
escuela,y,1,2,0.5
menos,a,1,3,0.3333333333333333
de,sa√∫l,1,150,0.006666666666666667
sa√∫l,jajaja,1,1,1.0
entonces,t√∫,1,24,0.041666666666666664
t√∫,si,1,2,0.5
quieres,ir,1,24,0.041666666666666664
ir,porque,1,8,0.125
porque,solo,1,28,0.03571428571428571
solo,ir√≠a,1,22,0.045454545454545456
ir√≠a,si,1,1,1.0
vas,jajaja,1,9,0.1111111111111111
va,xd,1,21,0.047619047619047616
vavava,ahorita,1,5,0.2
ahorita,en,1,19,0.05263157894736842
un,rato,1,10,0.1
rato,solo,1,1,1.0
solo,vamos,1,22,0.045454545454545456
a,acabar,1,146,0.00684931506849315
acabar,unos,1,1,1.0
unos,ejercicios,1,1,1.0
ejercicios,pero,1,4,0.25
pero,est√°n,1,57,0.017543859649122806
est√°n,r√°pidos,1,3,0.3333333333333333
r√°pidos,>,1,1,1.0
<,nop,1,445,0.0022471910112359553
nop,este,1,1,1.0
este,parcial,1,8,0.125
parcial,ya,1,2,0.5
lo,iba,1,115,0.008695652173913044
a,evaluar,1,146,0.00684931506849315
evaluar,con,1,1,1.0
con,pr√°cticas,1,32,0.03125
pr√°cticas,y,1,1,1.0
y,proyecto,1,85,0.011764705882352941
proyecto,>,1,2,0.5
fue,botello,1,7,0.14285714285714285
botello,por,1,2,0.5
quieres,venirte,1,24,0.041666666666666664
venirte,para,1,1,1.0
para,ac√°,1,29,0.034482758620689655
ac√°,>,1,1,1.0
si,ah√≠,1,146,0.00684931506849315
ah√≠,est√°,1,10,0.1
est√°,con,1,19,0.05263157894736842
con,√©l,1,32,0.03125
√©l,>,1,2,0.5
jajajaja,perd√≥n,1,15,0.06666666666666667
perd√≥n,xd,1,2,0.5
nos,di√≥,1,18,0.05555555555555555
di√≥,las,1,1,1.0
las,calificaciones,1,29,0.034482758620689655
calificaciones,r√°pido,1,1,1.0
necesario,llegar,1,2,0.5
llegar,a,1,3,0.3333333333333333
a,an√°lisis,1,146,0.00684931506849315
an√°lisis,verdad,1,3,0.3333333333333333
jaja,xd,1,62,0.016129032258064516
sip,pero,1,65,0.015384615384615385
pero,ahorita,1,57,0.017543859649122806
ahorita,no,1,19,0.05263157894736842
jaja,te,1,62,0.016129032258064516
las,paso,1,29,0.034482758620689655
paso,alrrato,1,6,0.16666666666666666
alrrato,va,1,1,1.0
<,tengo,1,445,0.0022471910112359553
tengo,esas,1,8,0.125
esas,falta,1,2,0.5
falta,otra,1,5,0.2
otra,que,1,2,0.5
la,primer,1,84,0.011904761904761904
primer,actividad,1,3,0.3333333333333333
actividad,pero,1,3,0.3333333333333333
pero,esa,1,57,0.017543859649122806
esa,tiene,1,3,0.3333333333333333
tiene,mi,1,2,0.5
mi,nombre,1,9,0.1111111111111111
nombre,jajaja,1,2,0.5
jajaja,alomejor,1,76,0.013157894736842105
alomejor,>,1,3,0.3333333333333333
si,anda,1,146,0.00684931506849315
anda,haciendo,1,2,0.5
haciendo,lo,1,4,0.25
del,reporte,1,32,0.03125
reporte,y,1,2,0.5
le,dije,1,27,0.037037037037037035
dije,que,1,2,0.5
ahorita,le,1,19,0.05263157894736842
le,ayudo,1,27,0.037037037037037035
ayudo,con,1,1,1.0
con,la,1,32,0.03125
le,pregunte,1,27,0.037037037037037035
pregunte,si,1,1,1.0
le,ibas,1,27,0.037037037037037035
ibas,a,1,1,1.0
a,ayudar,1,146,0.00684931506849315
ayudar,y,1,1,1.0
no,tenia,1,100,0.01
tenia,idea,1,1,1.0
idea,jajaja,1,1,1.0
pero,que,1,57,0.017543859649122806
ya,andaba,1,87,0.011494252873563218
andaba,bien,1,3,0.3333333333333333
bien,prendido,1,25,0.04
prendido,con,1,1,1.0
lo,acababa,1,115,0.008695652173913044
acababa,antes,1,1,1.0
las,5,1,29,0.034482758620689655
5,>,1,3,0.3333333333333333
quieras,preguntarle,1,3,0.3333333333333333
preguntarle,a,1,1,1.0
a,el,1,146,0.00684931506849315
el,jajaj,1,74,0.013513513513513514
la,conclusion,1,84,0.011904761904761904
conclusion,ahorita,1,1,1.0
ahorita,la,1,19,0.05263157894736842
yo,3,1,25,0.04
3,>,1,7,0.14285714285714285
ooooo,jajajaj,1,2,0.5
jajajaj,esta,1,15,0.06666666666666667
a,jajajaj,1,146,0.00684931506849315
jajajaj,no,1,15,0.06666666666666667
lo,acabamos,1,115,0.008695652173913044
acabamos,nosotros,1,1,1.0
nosotros,jajajaj,1,2,0.5
sip,jajaj,1,65,0.015384615384615385
jajaj,de,1,25,0.04
una,pregunta,1,5,0.2
pregunta,jaja,1,3,0.3333333333333333
jaja,tu,1,62,0.016129032258064516
tu,que,1,9,0.1111111111111111
vas,al,1,9,0.1111111111111111
al,celex,1,8,0.125
celex,ah√≠,1,1,1.0
ah√≠,en,1,10,0.1
en,escom,1,47,0.02127659574468085
escom,sabes,1,2,0.5
sabes,hasta,1,3,0.3333333333333333
hasta,que,1,9,0.1111111111111111
que,nivel,1,198,0.005050505050505051
nivel,tienes,1,1,1.0
que,llegar,1,198,0.005050505050505051
llegar,para,1,3,0.3333333333333333
para,poder,1,29,0.034482758620689655
poder,tener,1,1,1.0
tener,el,1,2,0.5
el,b2,1,74,0.013513513513513514
b2,que,1,1,1.0
nos,piden,1,18,0.05555555555555555
piden,para,1,1,1.0
para,titularte,1,29,0.034482758620689655
titularte,>,1,1,1.0
noooo,jaja,1,2,0.5
jaja,y,1,62,0.016129032258064516
en,total,1,47,0.02127659574468085
total,cuantos,1,2,0.5
cuantos,niveles,1,1,1.0
niveles,son,1,1,1.0
son,si,1,5,0.2
si,entras,1,146,0.00684931506849315
entras,desde,1,1,1.0
desde,el,1,1,1.0
el,primerito,1,74,0.013513513513513514
primerito,jajaja,1,1,1.0
rayos,jajaja,1,5,0.2
bueno,vava,1,31,0.03225806451612903
oye,cu√°l,1,65,0.015384615384615385
cu√°l,dijiste,1,1,1.0
tema,que,1,6,0.16666666666666666
que,hab√≠as,1,198,0.005050505050505051
hab√≠as,pensado,1,4,0.25
pensado,jaja,1,1,1.0
vava,es,1,17,0.058823529411764705
que,andaba,1,198,0.005050505050505051
andaba,checando,1,3,0.3333333333333333
checando,un,1,3,0.3333333333333333
un,tema,1,10,0.1
tema,del,1,6,0.16666666666666666
del,que,1,32,0.03125
que,pudi√©ramos,1,198,0.005050505050505051
pudi√©ramos,sacar,1,1,1.0
sacar,m√°s,1,1,1.0
m√°s,informaci√≥n,1,13,0.07692307692307693
mira,pens√©,1,5,0.2
pens√©,en,1,6,0.16666666666666666
en,este,1,47,0.02127659574468085
c√≥mo,ves,1,5,0.2
cierto,si,1,5,0.2
le,dijiste,1,27,0.037037037037037035
dijiste,a,1,3,0.3333333333333333
ernesto,jajajaj,1,10,0.1
vavava,>,1,5,0.2
no,entend√≠,1,100,0.01
entend√≠,bien,1,1,1.0
bien,si,1,25,0.04
si,el,1,146,0.00684931506849315
tema,era,1,6,0.16666666666666666
se,delimitaba,1,39,0.02564102564102564
delimitaba,o,1,1,1.0
o,era,1,21,0.047619047619047616
problema,jajajaj,1,3,0.3333333333333333
porque,puse,1,28,0.03571428571428571
puse,esta,1,7,0.14285714285714285
esta,pregunta,1,5,0.2
pregunta,como,1,3,0.3333333333333333
como,para,1,21,0.047619047619047616
problema,xd,1,3,0.3333333333333333
s√≠,jajaj,1,5,0.2
pues,le,1,35,0.02857142857142857
le,ponemos,1,27,0.037037037037037035
ponemos,latinoamerica,1,1,1.0
latinoamerica,y,1,1,1.0
si,dice,1,146,0.00684931506849315
dice,la,1,6,0.16666666666666666
que,delimitemos,1,198,0.005050505050505051
delimitemos,m√°s,1,1,1.0
m√°s,ya,1,13,0.07692307692307693
ya,le,1,87,0.011494252873563218
le,decimos,1,27,0.037037037037037035
decimos,que,1,1,1.0
que,entonces,1,198,0.005050505050505051
entonces,m√©xico,1,24,0.041666666666666664
m√©xico,xd,1,1,1.0
jajajaja,vava,1,15,0.06666666666666667
vava,igual,1,17,0.058823529411764705
igual,no,1,13,0.07692307692307693
creo,pero,1,24,0.041666666666666664
pero,bueno,1,57,0.017543859649122806
<,seg√∫n,1,445,0.0022471910112359553
el,temario,1,74,0.013513513513513514
temario,creo,1,1,1.0
si,pero,1,146,0.00684931506849315
pero,como,1,57,0.017543859649122806
como,tal,1,21,0.047619047619047616
tal,con,1,3,0.3333333333333333
con,botello,1,32,0.03125
botello,no,1,2,0.5
lo,vimos,1,115,0.008695652173913044
en,orden,1,47,0.02127659574468085
orden,porque,1,2,0.5
seg√∫n,empezamos,1,11,0.09090909090909091
empezamos,con,1,1,1.0
m√°s,f√°cil,1,13,0.07692307692307693
f√°cil,y,1,1,1.0
est√°,fue,1,19,0.05263157894736842
fue,la,1,7,0.14285714285714285
la,primera,1,84,0.011904761904761904
primera,que,1,1,1.0
que,vimos,1,198,0.005050505050505051
vimos,>,1,3,0.3333333333333333
una,duda,1,5,0.2
duda,jajaj,1,2,0.5
jajaj,la,1,25,0.04
de,metodolog√≠a,1,150,0.006666666666666667
metodolog√≠a,dijo,1,1,1.0
dijo,algo,1,8,0.125
de,si,1,150,0.006666666666666667
si,deb√≠amos,1,146,0.00684931506849315
deb√≠amos,de,1,1,1.0
de,corregir,1,150,0.006666666666666667
corregir,lo,1,2,0.5
le,entregamos,1,27,0.037037037037037035
entregamos,la,1,1,1.0
clase,pasada,1,3,0.3333333333333333
pasada,de,1,1,1.0
de,todo,1,150,0.006666666666666667
todo,lo,1,8,0.125
que,llevamos,1,198,0.005050505050505051
llevamos,del,1,1,1.0
aj√°,es,1,2,0.5
que,algunos,1,198,0.005050505050505051
algunos,se,1,1,1.0
se,la,1,39,0.02564102564102564
la,entregaron,1,84,0.011904761904761904
entregaron,y,1,1,1.0
y,otros,1,85,0.011764705882352941
otros,no,1,1,1.0
jaja,como,1,62,0.016129032258064516
como,yo,1,21,0.047619047619047616
yo,y,1,25,0.04
y,como,1,85,0.011764705882352941
como,si,1,21,0.047619047619047616
nos,dijo,1,18,0.05555555555555555
dijo,algunas,1,8,0.125
algunas,cosas,1,2,0.5
cosas,no,1,3,0.3333333333333333
se,ten√≠a,1,39,0.02564102564102564
que,corregir,1,198,0.005050505050505051
corregir,o,1,2,0.5
m√°s,seguro,1,13,0.07692307692307693
seguro,es,1,2,0.5
ya,a,1,87,0.011494252873563218
ver,ma√±ana,1,14,0.07142857142857142
ma√±ana,que,1,15,0.06666666666666667
dice,>,1,6,0.16666666666666666
pues,que,1,35,0.02857142857142857
lo,empiece,1,115,0.008695652173913044
empiece,a,1,1,1.0
hacer,el,1,11,0.09090909090909091
el,fer,1,74,0.013513513513513514
fer,>,1,1,1.0
de,prueba,1,150,0.006666666666666667
prueba,y,1,1,1.0
y,entrenamiento,1,85,0.011764705882352941
entrenamiento,>,1,1,1.0
esto,ya,1,2,0.5
o,yayaya,1,21,0.047619047619047616
yayaya,jajaja,1,2,0.5
quieres,ma√±ana,1,24,0.041666666666666664
lo,platicamos,1,115,0.008695652173913044
platicamos,ya,1,1,1.0
ernesto,despu√©s,1,10,0.1
del,ingl√©s,1,32,0.03125
ingl√©s,>,1,1,1.0
porque,nou,1,28,0.03571428571428571
nou,jaja,1,1,1.0
jaja,la,1,62,0.016129032258064516
la,verdad,1,84,0.011904761904761904
verdad,ya,1,5,0.2
no,investigue,1,100,0.01
investigue,nada,1,1,1.0
ya,ma√±ana,1,87,0.011494252873563218
lo,vemos,1,115,0.008695652173913044
vemos,y,1,2,0.5
y,checamos,1,85,0.011764705882352941
checamos,bien,1,2,0.5
bien,como,1,25,0.04
como,quedar√≠a,1,21,0.047619047619047616
quedar√≠a,el,1,1,1.0
tema,para,1,6,0.16666666666666666
que,todos,1,198,0.005050505050505051
todos,busquemos,1,4,0.25
busquemos,informaci√≥n,1,1,1.0
ya,tengamos,1,87,0.011494252873563218
tengamos,eso,1,1,1.0
eso,de,1,26,0.038461538461538464
la,literatura,1,84,0.011904761904761904
literatura,que,1,1,1.0
que,quiere,1,198,0.005050505050505051
quiere,>,1,1,1.0
a,pues,1,146,0.00684931506849315
jaja,tambi√©n,1,62,0.016129032258064516
tambi√©n,si,1,9,0.1111111111111111
quieres,manda,1,24,0.041666666666666664
manda,los,1,2,0.5
los,audios,1,44,0.022727272727272728
audios,al,1,1,1.0
grupo,ah√≠,1,5,0.2
ah√≠,que,1,10,0.1
tenemos,con,1,6,0.16666666666666666
ernesto,o,1,10,0.1
ya,en,1,87,0.011494252873563218
la,noche,1,84,0.011904761904761904
noche,cuando,1,1,1.0
llegues,>,1,2,0.5
ajap,si,1,2,0.5
ser√≠a,hasta,1,8,0.125
el,mi√©rcoles,1,74,0.013513513513513514
mi√©rcoles,>,1,1,1.0
<,a√∫n,1,445,0.0022471910112359553
a√∫n,habr√≠a,1,5,0.2
habr√≠a,tiempo,1,1,1.0
oye,d√≥nde,1,65,0.015384615384615385
<,abajo,1,445,0.0022471910112359553
abajo,en,1,2,0.5
en,lab,1,47,0.02127659574468085
pero,tenemos,1,57,0.017543859649122806
que,ir,1,198,0.005050505050505051
ir,al,1,8,0.125
al,auditorio,1,8,0.125
auditorio,no,1,1,1.0
como,10,1,21,0.047619047619047616
10,min,1,3,0.3333333333333333
min,>,1,1,1.0
<,despu√©s,1,445,0.0022471910112359553
despu√©s,de,1,4,0.25
fuiste,tambi√©n,1,3,0.3333333333333333
tambi√©n,se,1,9,0.1111111111111111
se,sali√≥,1,39,0.02564102564102564
sali√≥,nahum,1,1,1.0
nahum,jajajaja,1,2,0.5
jajajaja,y,1,15,0.06666666666666667
nos,dej√≥,1,18,0.05555555555555555
dej√≥,ah√≠,1,3,0.3333333333333333
ah√≠,solos,1,10,0.1
solos,y,1,1,1.0
pues,todos,1,35,0.02857142857142857
todos,se,1,4,0.25
se,quedaron,1,39,0.02564102564102564
quedaron,como,1,2,0.5
como,de,1,21,0.047619047619047616
de,igual,1,150,0.006666666666666667
igual,ya,1,13,0.07692307692307693
ya,v√°monos,1,87,0.011494252873563218
v√°monos,pero,1,1,1.0
nos,esperamos,1,18,0.05555555555555555
esperamos,hasta,1,1,1.0
el,final,1,74,0.013513513513513514
final,>,1,1,1.0
la,se√±ora,1,84,0.011904761904761904
se√±ora,tuvo,1,1,1.0
tuvo,que,1,1,1.0
que,recortar,1,198,0.005050505050505051
recortar,mucho,1,1,1.0
mucho,porque,1,4,0.25
porque,ya,1,28,0.03571428571428571
ya,hiban,1,87,0.011494252873563218
hiban,a,1,1,1.0
a,dar,1,146,0.00684931506849315
dar,las,1,2,0.5
3,y,1,7,0.14285714285714285
y,ten√≠a,1,85,0.011764705882352941
ten√≠a,un,1,3,0.3333333333333333
un,buen,1,10,0.1
buen,de,1,1,1.0
de,diapositivas,1,150,0.006666666666666667
diapositivas,todav√≠a,1,3,0.3333333333333333
todav√≠a,>,1,1,1.0
solo,dijo,1,22,0.045454545454545456
dijo,como,1,8,0.125
m√°s,importante,1,13,0.07692307692307693
importante,y,1,3,0.3333333333333333
ya,acabo,1,87,0.011494252873563218
acabo,>,1,1,1.0
pero,en,1,57,0.017543859649122806
en,general,1,47,0.02127659574468085
general,todo,1,2,0.5
todo,sigui√≥,1,8,0.125
sigui√≥,igual,1,1,1.0
igual,jaja,1,13,0.07692307692307693
solo,que,1,22,0.045454545454545456
que,m√°s,1,198,0.005050505050505051
m√°s,apresurado,1,13,0.07692307692307693
apresurado,xd,1,1,1.0
si,tenemos,1,146,0.00684931506849315
hacer,las,1,11,0.09090909090909091
las,correcciones,1,29,0.034482758620689655
correcciones,aunque,1,1,1.0
aunque,igual,1,2,0.5
igual,yo,1,13,0.07692307692307693
nos,ense√±√≥,1,18,0.05555555555555555
ense√±√≥,del,1,1,1.0
del,marco,1,32,0.03125
marco,te√≥rico,1,1,1.0
te√≥rico,hay,1,1,1.0
que,irlo,1,198,0.005050505050505051
irlo,avanzando,1,1,1.0
avanzando,porque,1,1,1.0
porque,de,1,28,0.03571428571428571
de,seguro,1,150,0.006666666666666667
seguro,va,1,2,0.5
a,ser,1,146,0.00684931506849315
lo,siguiente,1,115,0.008695652173913044
siguiente,que,1,1,1.0
a,pedir,1,146,0.00684931506849315
pedir,>,1,1,1.0
no,ahorita,1,100,0.01
ahorita,creo,1,19,0.05263157894736842
es,hasta,1,67,0.014925373134328358
hasta,regresando,1,9,0.1111111111111111
regresando,de,1,1,1.0
de,vacaciones,1,150,0.006666666666666667
vacaciones,>,1,2,0.5
jajaja,vava,1,76,0.013157894736842105
vava,>,1,17,0.058823529411764705
bueno,si,1,31,0.03225806451612903
te,aviso,1,38,0.02631578947368421
aviso,>,1,1,1.0
<,ernesto,1,445,0.0022471910112359553
ernesto,dice,1,10,0.1
que,√©l,1,198,0.005050505050505051
√©l,se,1,2,0.5
quedar,jajaja,1,3,0.3333333333333333
jajaja,yo,1,76,0.013157894736842105
me,espero,1,33,0.030303030303030304
espero,al,1,1,1.0
al,15,1,8,0.125
15,y,1,1,1.0
jaja,no,1,62,0.016129032258064516
no,ha,1,100,0.01
ha,llegado,1,1,1.0
llegado,>,1,1,1.0
<,dependiente,1,445,0.0022471910112359553
dependiente,el,1,1,1.0
el,rendimiento,1,74,0.013513513513513514
rendimiento,acad√©mico,1,1,1.0
acad√©mico,del,1,1,1.0
del,estudiante,1,32,0.03125
estudiante,universitario,1,1,1.0
universitario,>,1,1,1.0
<,mmm,1,445,0.0022471910112359553
mmm,pues,1,2,0.5
se,tiene,1,39,0.02564102564102564
tiene,que,1,2,0.5
que,resolver,1,198,0.005050505050505051
resolver,por,1,1,1.0
por,simplex,1,25,0.04
simplex,y,1,1,1.0
tambi√©n,por,1,9,0.1111111111111111
por,excel,1,25,0.04
excel,pero,1,1,1.0
que,entiendo,1,198,0.005050505050505051
entiendo,todo,1,1,1.0
todo,es,1,8,0.125
como,a,1,21,0.047619047619047616
a,computadora,1,146,0.00684931506849315
computadora,entonces,1,1,1.0
se,c√≥mo,1,39,0.02564102564102564
c√≥mo,se,1,5,0.2
se,pondr√≠a,1,39,0.02564102564102564
pondr√≠a,eso,1,1,1.0
no,si,1,100,0.01
si,t√∫,1,146,0.00684931506849315
t√∫,problema,1,2,0.5
problema,se,1,3,0.3333333333333333
se,resuelve,1,39,0.02564102564102564
resuelve,solo,1,1,1.0
solo,con,1,22,0.045454545454545456
con,esas,1,32,0.03125
esas,pues,1,2,0.5
pues,est√°,1,35,0.02857142857142857
bien,no,1,25,0.04
no,necesitas,1,100,0.01
necesitas,las,1,1,1.0
las,artificiales,1,29,0.034482758620689655
artificiales,a,1,1,1.0
a,fuerzas,1,146,0.00684931506849315
fuerzas,>,1,1,1.0
solo,la,1,22,0.045454545454545456
la,a,1,84,0.011904761904761904
sip,deja,1,65,0.015384615384615385
deja,lo,1,4,0.25
ya,quedaron,1,87,0.011494252873563218
quedaron,>,1,2,0.5
<,todo,1,445,0.0022471910112359553
el,reporte,1,74,0.013513513513513514
reporte,>,1,2,0.5
<,calcular,1,445,0.0022471910112359553
calcular,sumas,1,1,1.0
sumas,>,1,1,1.0
<,https://colab.research.google.com/drive/15v-lrvmxxqewwg7s_x6wbpzlirpvrr47?usp=sharing,1,445,0.0022471910112359553
https://colab.research.google.com/drive/15v-lrvmxxqewwg7s_x6wbpzlirpvrr47?usp=sharing,>,1,1,1.0
foto,del,1,6,0.16666666666666666
del,codigo,1,32,0.03125
codigo,que,1,1,1.0
que,programo,1,198,0.005050505050505051
programo,dieguito,1,1,1.0
dieguito,porfa,1,1,1.0
jaja,ntp,1,62,0.016129032258064516
ntp,gracias,1,3,0.3333333333333333
tienes,la,1,6,0.16666666666666666
ejercicios,"4,5",1,4,0.25
"4,5",y,1,1,1.0
y,6,1,85,0.011764705882352941
casa,pero,1,3,0.3333333333333333
pero,creo,1,57,0.017543859649122806
solo,quer√≠a,1,22,0.045454545454545456
quer√≠a,de,1,1,1.0
esos,porque,1,3,0.3333333333333333
porque,si,1,28,0.03571428571428571
dijo,pero,1,8,0.125
yo,era,1,25,0.04
era,de,1,6,0.16666666666666666
esos,>,1,3,0.3333333333333333
necesario,que,1,2,0.5
que,lleguemos,1,198,0.005050505050505051
lleguemos,a,1,1,1.0
a,ia,1,146,0.00684931506849315
ia,verdad,1,2,0.5
a,yaya,1,146,0.00684931506849315
yaya,sip,1,1,1.0
la,presto,1,84,0.011904761904761904
presto,>,1,1,1.0
no,llego,1,100,0.01
llego,la,1,2,0.5
de,miner√≠a,1,150,0.006666666666666667
miner√≠a,entonces,1,1,1.0
entonces,yo,1,24,0.041666666666666664
creo,ya,1,24,0.041666666666666664
<,https://colab.research.google.com/drive/1w0fmeqf08bmudq0sqtqq7wq4-xxuew20,1,445,0.0022471910112359553
https://colab.research.google.com/drive/1w0fmeqf08bmudq0sqtqq7wq4-xxuew20,>,1,1,1.0
oye,este,1,65,0.015384615384615385
este,diego,1,8,0.125
diego,el,1,2,0.5
esme,me,1,5,0.2
me,pas√≥,1,33,0.030303030303030304
pas√≥,lo,1,2,0.5
que,hizo,1,198,0.005050505050505051
hizo,para,1,1,1.0
le,funcionar√°,1,27,0.037037037037037035
funcionar√°,el,1,1,1.0
el,programa,1,74,0.013513513513513514
programa,2,1,1,1.0
2,pero,1,7,0.14285714285714285
pero,a√∫n,1,57,0.017543859649122806
pongo,al,1,4,0.25
al,m√≠o,1,8,0.125
m√≠o,jaja,1,1,1.0
<,https://github.com/dern965/ameia/blob/main/practica4/practica4.ipynb,1,445,0.0022471910112359553
https://github.com/dern965/ameia/blob/main/practica4/practica4.ipynb,>,1,1,1.0
gracias,jaja,1,29,0.034482758620689655
archivo,del,1,2,0.5
del,test,1,32,0.03125
test,caars,1,1,1.0
caars,>,1,2,0.5
oye,tines,1,65,0.015384615384615385
tines,la,1,1,1.0
la,referencia,1,84,0.011904761904761904
referencia,de,1,1,1.0
de,donde,1,150,0.006666666666666667
donde,viene,1,7,0.14285714285714285
viene,ese,1,4,0.25
ese,documento,1,2,0.5
documento,para,1,1,1.0
para,citarlo,1,29,0.034482758620689655
citarlo,jaja,1,1,1.0
o,jajaja,1,21,0.047619047619047616
jajaja,rayos,1,76,0.013157894736842105
qued√≥,lo,1,7,0.14285714285714285
la,poblacion,1,84,0.011904761904761904
poblacion,y,1,1,1.0
y,muestra,1,85,0.011764705882352941
muestra,y,1,1,1.0
los,instrumentos,1,44,0.022727272727272728
instrumentos,>,1,1,1.0
le,agregu√©,1,27,0.037037037037037035
agregu√©,3,1,1,1.0
3,preguntas,1,7,0.14285714285714285
preguntas,de,1,4,0.25
que,vamos,1,198,0.005050505050505051
el,cuestionario,1,74,0.013513513513513514
cuestionario,para,1,1,1.0
que,sea,1,198,0.005050505050505051
sea,la,1,2,0.5
la,parte,1,84,0.011904761904761904
parte,cualitativa,1,3,0.3333333333333333
cualitativa,seg√∫n,1,1,1.0
seg√∫n,>,1,11,0.09090909090909091
puse,la,1,7,0.14285714285714285
la,tablita,1,84,0.011904761904761904
tablita,de,1,1,1.0
las,preguntas,1,29,0.034482758620689655
preguntas,del,1,4,0.25
del,caars,1,32,0.03125
caars,pero,1,2,0.5
pero,solo,1,57,0.017543859649122806
solo,las,1,22,0.045454545454545456
las,primeras,1,29,0.034482758620689655
primeras,25,1,1,1.0
25,con,1,1,1.0
con,su,1,32,0.03125
su,cita,1,1,1.0
cita,pero,1,1,1.0
que,falta,1,198,0.005050505050505051
falta,no,1,5,0.2
s√©,le,1,9,0.1111111111111111
decir,a,1,7,0.14285714285714285
ernesto,a,1,10,0.1
te,ayuda,1,38,0.02631578947368421
ayuda,>,1,1,1.0
que,biennn,1,198,0.005050505050505051
biennn,jajaja,1,1,1.0
jajaja,aunque,1,76,0.013157894736842105
aunque,ser√°,1,2,0.5
ser√°,lo,1,1,1.0
mismo,xd,1,3,0.3333333333333333
jajajaja,pues,1,15,0.06666666666666667
si,a,1,146,0.00684931506849315
qu√©,le,1,5,0.2
le,preguntan,1,27,0.037037037037037035
oye,eso,1,65,0.015384615384615385
eso,es,1,26,0.038461538461538464
yo,hice,1,25,0.04
de,ia,1,150,0.006666666666666667
ia,por,1,2,0.5
s√©,jajajaja,1,9,0.1111111111111111
jajajaja,era,1,15,0.06666666666666667
era,lo,1,6,0.16666666666666666
te,iba,1,38,0.02631578947368421
a,preguntar,1,146,0.00684931506849315
preguntar,>,1,1,1.0
yo,pensaba,1,25,0.04
pensaba,como,1,1,1.0
como,decirle,1,21,0.047619047619047616
decirle,que,1,1,1.0
pod√≠a,ver,1,2,0.5
ver,el,1,14,0.07142857142857142
el,examen,1,74,0.013513513513513514
examen,antes,1,5,0.2
de,elegir,1,150,0.006666666666666667
elegir,si,1,1,1.0
lo,hac√≠a,1,115,0.008695652173913044
hac√≠a,o,1,1,1.0
jajajaj,pero,1,15,0.06666666666666667
que,quiera,1,198,0.005050505050505051
quiera,o,1,2,0.5
<,https://colab.research.google.com/drive/1zpegh3csu9xtx3izoj9as0qf3btfwzo1?usp=sharing,1,445,0.0022471910112359553
https://colab.research.google.com/drive/1zpegh3csu9xtx3izoj9as0qf3btfwzo1?usp=sharing,>,1,1,1.0
<,https://www.facebook.com/groups/escomarket/permalink/6148710578586264/?mibextid=rs40ab7s9ucbxw6v,1,445,0.0022471910112359553
https://www.facebook.com/groups/escomarket/permalink/6148710578586264/?mibextid=rs40ab7s9ucbxw6v,>,1,1,1.0
te,falta,1,38,0.02631578947368421
falta,mucho,1,5,0.2
mucho,para,1,4,0.25
hacer,la,1,11,0.09090909090909091
la,interpretaci√≥n,1,84,0.011904761904761904
interpretaci√≥n,>,1,1,1.0
o,jaja,1,21,0.047619047619047616
ya,tengo,1,87,0.011494252873563218
tengo,que,1,8,0.125
hacer,unas,1,11,0.09090909090909091
unas,cosas,1,2,0.5
cosas,de,1,3,0.3333333333333333
de,aqu√≠,1,150,0.006666666666666667
aqu√≠,de,1,1,1.0
jaja,entonces,1,62,0.016129032258064516
entonces,para,1,24,0.041666666666666664
autores,pero,1,4,0.25
va,junto,1,21,0.047619047619047616
junto,con,1,1,1.0
a,redactar,1,146,0.00684931506849315
redactar,>,1,1,1.0
es,combinado,1,67,0.014925373134328358
combinado,jajaja,1,1,1.0
jajaja,porque,1,76,0.013157894736842105
porque,no,1,28,0.03571428571428571
no,ves,1,100,0.01
ves,que,1,3,0.3333333333333333
como,poner,1,21,0.047619047619047616
poner,que,1,7,0.14285714285714285
que,interpretamos,1,198,0.005050505050505051
interpretamos,algo,1,1,1.0
algo,y,1,15,0.06666666666666667
es,igual,1,67,0.014925373134328358
igual,o,1,13,0.07692307692307693
o,diferente,1,21,0.047619047619047616
diferente,a,1,2,0.5
de,tal,1,150,0.006666666666666667
tal,autor,1,3,0.3333333333333333
autor,y,1,2,0.5
y,as√≠,1,85,0.011764705882352941
as√≠,>,1,6,0.16666666666666666
sip,oye,1,65,0.015384615384615385
oye,por,1,65,0.015384615384615385
cierto,sabes,1,5,0.2
sabes,que,1,3,0.3333333333333333
falto,poner,1,2,0.5
en,lo,1,47,0.02127659574468085
resultados,>,1,2,0.5
falto,agregar,1,2,0.5
agregar,lo,1,2,0.5
respuestas,de,1,3,0.3333333333333333
de,cuantas,1,150,0.006666666666666667
cuantas,personas,1,1,1.0
personas,decian,1,1,1.0
decian,que,1,1,1.0
que,tenian,1,198,0.005050505050505051
tenian,los,1,1,1.0
los,sintomas,1,44,0.022727272727272728
sintomas,del,1,1,1.0
tda,porque,1,2,0.5
porque,eso,1,28,0.03571428571428571
eso,tambien,1,26,0.038461538461538464
tambien,es,1,1,1.0
es,importante,1,67,0.014925373134328358
importante,jaja,1,3,0.3333333333333333
sip,pues,1,65,0.015384615384615385
como,veas,1,21,0.047619047619047616
veas,si,1,1,1.0
si,crees,1,146,0.00684931506849315
tenemos,es,1,6,0.16666666666666666
es,suficiente,1,67,0.014925373134328358
suficiente,para,1,1,1.0
explicarlo,pues,1,2,0.5
yo,ando,1,25,0.04
ando,viendo,1,4,0.25
viendo,de,1,2,0.5
de,d√≥nde,1,150,0.006666666666666667
d√≥nde,voy,1,6,0.16666666666666666
aj√°,sip,1,2,0.5
sip,justamente,1,65,0.015384615384615385
justamente,eso,1,1,1.0
eso,como,1,26,0.038461538461538464
tomar,eso,1,2,0.5
eso,por,1,26,0.038461538461538464
s√≠ntomas,que,1,2,0.5
lo,pusimos,1,115,0.008695652173913044
pusimos,pero,1,1,1.0
si,para,1,146,0.00684931506849315
explicarlo,y,1,2,0.5
ya,vemos,1,87,0.011494252873563218
vemos,en,1,2,0.5
qu√©,salieron,1,5,0.2
salieron,parecidos,1,1,1.0
parecidos,con,1,1,1.0
que,dicen,1,198,0.005050505050505051
dicen,ah√≠,1,1,1.0
ah√≠,los,1,10,0.1
c√≥mo,tal,1,5,0.2
tal,ser√≠a,1,3,0.3333333333333333
tomar,los,1,2,0.5
los,temas,1,44,0.022727272727272728
temas,que,1,1,1.0
puse,ah√≠,1,7,0.14285714285714285
ah√≠,y,1,10,0.1
ya,ver,1,87,0.011494252873563218
qu√©,de,1,5,0.2
eso,podemos,1,26,0.038461538461538464
podemos,usar,1,1,1.0
usar,>,1,3,0.3333333333333333
sip,creo,1,65,0.015384615384615385
que,los,1,198,0.005050505050505051
los,voy,1,44,0.022727272727272728
a,combinar,1,146,0.00684931506849315
combinar,jajaja,1,1,1.0
pero,s√≠,1,57,0.017543859649122806
s√≠,si,1,5,0.2
ser√≠a,eso,1,8,0.125
lo,resum√≠,1,115,0.008695652173913044
resum√≠,y,1,1,1.0
lo,met√≠,1,115,0.008695652173913044
met√≠,con,1,2,0.5
que,redactaste,1,198,0.005050505050505051
redactaste,tu,1,1,1.0
tu,para,1,9,0.1111111111111111
para,solo,1,29,0.034482758620689655
solo,poner,1,22,0.045454545454545456
autores,jajaj,1,4,0.25
sip,entonces,1,65,0.015384615384615385
entonces,ahorita,1,24,0.041666666666666664
los,checo,1,44,0.022727272727272728
si,hay,1,146,0.00684931506849315
que,quitarlo,1,198,0.005050505050505051
quitarlo,jaja,1,1,1.0
no,hay,1,100,0.01
hay,como,1,8,0.125
como,comprarlo,1,21,0.047619047619047616
comprarlo,xd,1,1,1.0
pues,lo,1,35,0.02857142857142857
del,otro,1,32,0.03125
otro,apartado,1,6,0.16666666666666666
apartado,podr√≠a,1,1,1.0
las,t√©cnicas,1,29,0.034482758620689655
t√©cnicas,de,1,1,1.0
datos,no,1,7,0.14285714285714285
no,pero,1,100,0.01
s√©,que,1,9,0.1111111111111111
que,tanto,1,198,0.005050505050505051
tanto,se,1,2,0.5
se,podr√≠a,1,39,0.02564102564102564
podr√≠a,explicar,1,3,0.3333333333333333
explicar,de,1,1,1.0
eso,porque,1,26,0.038461538461538464
yo,eso,1,25,0.04
eso,s√≠,1,26,0.038461538461538464
s√≠,ya,1,5,0.2
lo,explicamos,1,115,0.008695652173913044
explicamos,bien,1,1,1.0
que,podr√≠a,1,198,0.005050505050505051
las,carreras,1,29,0.034482758620689655
carreras,que,1,1,1.0
si,depende,1,146,0.00684931506849315
depende,de,1,1,1.0
carrera,en,1,3,0.3333333333333333
la,que,1,84,0.011904761904761904
que,est√°s,1,198,0.005050505050505051
est√°s,si,1,2,0.5
si,eres,1,146,0.00684931506849315
eres,m√°s,1,1,1.0
m√°s,propenso,1,13,0.07692307692307693
propenso,a,1,1,1.0
a,sufrir,1,146,0.00684931506849315
sufrir,de,1,1,1.0
s√≠ntomas,del,1,2,0.5
tda,>,1,2,0.5
igual,por,1,13,0.07692307692307693
que,dec√≠amos,1,198,0.005050505050505051
dec√≠amos,de,1,1,1.0
no,tenemos,1,100,0.01
tenemos,la,1,6,0.16666666666666666
la,misma,1,84,0.011904761904761904
misma,cantidad,1,1,1.0
cantidad,de,1,1,1.0
de,alumnos,1,150,0.006666666666666667
alumnos,en,1,1,1.0
en,cada,1,47,0.02127659574468085
cada,carrera,1,1,1.0
carrera,no,1,3,0.3333333333333333
si,sea,1,146,0.00684931506849315
sea,bueno,1,2,0.5
bueno,ponerlo,1,31,0.03225806451612903
ponerlo,>,1,1,1.0
jajaj,ya,1,25,0.04
la,√∫nica,1,84,0.011904761904761904
√∫nica,que,1,1,1.0
se,me,1,39,0.02564102564102564
me,ocurre,1,33,0.030303030303030304
ocurre,>,1,1,1.0
pues,solo,1,35,0.02857142857142857
solo,habia,1,22,0.045454545454545456
habia,un,1,1,1.0
un,autor,1,10,0.1
autor,que,1,2,0.5
dec√≠a,que,1,3,0.3333333333333333
pod√≠a,variar,1,2,0.5
variar,dependiendo,1,1,1.0
dependiendo,de,1,1,1.0
carrera,entonces,1,3,0.3333333333333333
entonces,pues,1,24,0.041666666666666664
vavav,entonces,1,5,0.2
ya,deja,1,87,0.011494252873563218
deja,me,1,4,0.25
me,apuro,1,33,0.030303030303030304
apuro,con,1,1,1.0
lo,otro,1,115,0.008695652173913044
otro,y,1,6,0.16666666666666666
ya,checo,1,87,0.011494252873563218
checo,igual,1,5,0.2
igual,eso,1,13,0.07692307692307693
qued√≥,redactado,1,7,0.14285714285714285
redactado,lo,1,1,1.0
lo,primero,1,115,0.008695652173913044
primero,>,1,1,1.0
ver,ch√©calo,1,14,0.07142857142857142
ch√©calo,>,1,1,1.0
jajaj,a,1,25,0.04
ver,deja,1,14,0.07142857142857142
veo,c√≥mo,1,6,0.16666666666666666
pongo,>,1,4,0.25
lo,ves,1,115,0.008695652173913044
jajaja,xd,1,76,0.013157894736842105
va,hasta,1,21,0.047619047619047616
hasta,ma√±ana,1,9,0.1111111111111111
ma√±ana,:3,1,15,0.06666666666666667
hola,oye,1,11,0.09090909090909091
el,n√∫mero,1,74,0.013513513513513514
n√∫mero,de,1,1,1.0
de,rafa,1,150,0.006666666666666667
rafa,es,1,1,1.0
le,toc√≥,1,27,0.037037037037037035
toc√≥,en,1,1,1.0
equipo,con,1,3,0.3333333333333333
con,frida,1,32,0.03125
frida,para,1,1,1.0
para,lo,1,29,0.034482758620689655
de,nahum,1,150,0.006666666666666667
nahum,y,1,2,0.5
y,se,1,85,0.011764705882352941
pasar,>,1,4,0.25
nos,quedamos,1,18,0.05555555555555555
quedamos,con,1,1,1.0
el,ejemplo,1,74,0.013513513513513514
ejemplo,de,1,2,0.5
las,camas,1,29,0.034482758620689655
camas,de,1,1,1.0
de,hospital,1,150,0.006666666666666667
hospital,verdad,1,1,1.0
vava,pus,1,17,0.058823529411764705
pus,si,1,5,0.2
jajaj,yo,1,25,0.04
sip,sip,1,65,0.015384615384615385
bien,ntp,1,25,0.04
ya,cerr√≥,1,87,0.011494252873563218
cerr√≥,la,1,1,1.0
la,puerta,1,84,0.011904761904761904
puerta,la,1,1,1.0
maestra,jajaja,1,3,0.3333333333333333
si,llegas,1,146,0.00684931506849315
llegas,para,1,1,1.0
no,toques,1,100,0.01
toques,ni,1,1,1.0
ni,nada,1,4,0.25
pues,creo,1,35,0.02857142857142857
quieres,ven,1,24,0.041666666666666664
ven,a√∫n,1,1,1.0
no,pasa,1,100,0.01
pasa,el,1,2,0.5
otro,equipo,1,6,0.16666666666666666
<,nada,1,445,0.0022471910112359553
mas,entra,1,2,0.5
entra,r√°pido,1,1,1.0
checando,y,1,3,0.3333333333333333
y,creo,1,85,0.011764705882352941
que,pusiste,1,198,0.005050505050505051
pusiste,de,1,2,0.5
de,consejos,1,150,0.006666666666666667
adicionales,es,1,2,0.5
es,una,1,67,0.014925373134328358
una,parte,1,5,0.2
parte,de,1,3,0.3333333333333333
decir,>,1,7,0.14285714285714285
tu,audiencia,1,9,0.1111111111111111
audiencia,y,1,2,0.5
la,interacci√≥n,1,84,0.011904761904761904
interacci√≥n,>,1,1,1.0
entonces,andaba,1,24,0.041666666666666664
andaba,poniendo,1,3,0.3333333333333333
poniendo,lo,1,1,1.0
te,dije,1,38,0.02631578947368421
dije,de,1,2,0.5
de,tener,1,150,0.006666666666666667
tener,un,1,2,0.5
un,plan,1,10,0.1
plan,b,1,1,1.0
b,y,1,1,1.0
del,lugar,1,32,0.03125
donde,vas,1,7,0.14285714285714285
a,exponer,1,146,0.00684931506849315
exponer,y,1,1,1.0
y,usar,1,85,0.011764705882352941
usar,vestimenta,1,3,0.3333333333333333
vestimenta,formal,1,1,1.0
formal,>,1,1,1.0
mejor,quieras,1,6,0.16666666666666666
quieras,decir,1,3,0.3333333333333333
decir,eso,1,7,0.14285714285714285
eso,en,1,26,0.038461538461538464
en,tu,1,47,0.02127659574468085
tu,parte,1,9,0.1111111111111111
parte,>,1,3,0.3333333333333333
pero,pero,1,57,0.017543859649122806
la,audiencia,1,84,0.011904761904761904
audiencia,si,1,2,0.5
es,mi,1,67,0.014925373134328358
mi,primer,1,9,0.1111111111111111
primer,punto,1,3,0.3333333333333333
punto,de,1,1,1.0
los,elementos,1,44,0.022727272727272728
elementos,subjetivos,1,1,1.0
subjetivos,jajaja,1,1,1.0
eso,te,1,26,0.038461538461538464
digo,porque,1,6,0.16666666666666666
consejos,viene,1,4,0.25
viene,despu√©s,1,4,0.25
despu√©s,y,1,4,0.25
pues,se,1,35,0.02857142857142857
se,repetir√≠a,1,39,0.02564102564102564
repetir√≠a,>,1,1,1.0
ajap,te,1,2,0.5
te,deje,1,38,0.02631578947368421
deje,ah√≠,1,1,1.0
ah√≠,marcado,1,10,0.1
marcado,lo,1,1,1.0
que,siento,1,198,0.005050505050505051
que,podr√≠as,1,198,0.005050505050505051
podr√≠as,decir,1,1,1.0
decir,en,1,7,0.14285714285714285
adicionales,por,1,2,0.5
decir,o,1,7,0.14285714285714285
ya,igual,1,87,0.011494252873563218
igual,lo,1,13,0.07692307692307693
lo,digo,1,115,0.008695652173913044
digo,yo,1,6,0.16666666666666666
yo,pero,1,25,0.04
pero,siento,1,57,0.017543859649122806
ser√≠a,m√°s,1,8,0.125
m√°s,como,1,13,0.07692307692307693
como,consejos,1,21,0.047619047619047616
consejos,>,1,4,0.25
vavava,est√°,1,5,0.2
bien,pues,1,25,0.04
entonces,checa,1,24,0.041666666666666664
checa,igual,1,2,0.5
igual,si,1,13,0.07692307692307693
quieres,cambiar,1,24,0.041666666666666664
cambiar,algo,1,1,1.0
de,ah√≠,1,150,0.006666666666666667
ah√≠,lo,1,10,0.1
puse,o,1,7,0.14285714285714285
o,as√≠,1,21,0.047619047619047616
as√≠,la,1,6,0.16666666666666666
la,dejas,1,84,0.011904761904761904
dejas,:3,1,1,1.0
jajaja,apenas,1,76,0.013157894736842105
apenas,la,1,1,1.0
la,vi,1,84,0.011904761904761904
vi,xd,1,1,1.0
noooo,porque,1,2,0.5
porque,>,1,28,0.03571428571428571
si,fuiste,1,146,0.00684931506849315
fuiste,hoy,1,3,0.3333333333333333
paso,entrego,1,6,0.16666666666666666
entrego,examen,1,2,0.5
examen,>,1,5,0.2
<,uy,1,445,0.0022471910112359553
uy,jaja,1,1,1.0
que,conseguirla,1,198,0.005050505050505051
conseguirla,con,1,1,1.0
con,alguien,1,32,0.03125
alguien,xd,1,1,1.0
<,demonios,1,445,0.0022471910112359553
demonios,jajaja,1,1,1.0
jajaja,mmm,1,76,0.013157894736842105
mmm,y,1,2,0.5
y,tienen,1,85,0.011764705882352941
tienen,los,1,2,0.5
resultados,m√°s,1,2,0.5
m√°s,o,1,13,0.07692307692307693
o,menos,1,21,0.047619047619047616
menos,que,1,3,0.3333333333333333
que,debe,1,198,0.005050505050505051
debe,de,1,1,1.0
de,dar,1,150,0.006666666666666667
dar,>,1,2,0.5
a,vavavav,1,146,0.00684931506849315
vavavav,gracias,1,1,1.0
<,vamos,1,445,0.0022471910112359553
ir,a,1,8,0.125
a,checar,1,146,0.00684931506849315
checar,lo,1,1,1.0
del,proyecto,1,32,0.03125
proyecto,con,1,2,0.5
con,botella,1,32,0.03125
botella,a,1,1,1.0
a,otro,1,146,0.00684931506849315
otro,sal√≥n,1,6,0.16666666666666666
quieres,pus,1,24,0.041666666666666664
pus,ya,1,5,0.2
vayas,porque,1,3,0.3333333333333333
porque,yo,1,28,0.03571428571428571
nos,tardamos,1,18,0.05555555555555555
tardamos,>,1,1,1.0
<,est√°,1,445,0.0022471910112359553
est√°,buena,1,19,0.05263157894736842
buena,la,1,1,1.0
la,gelatina,1,84,0.011904761904761904
gelatina,jajaj,1,1,1.0
no,manches,1,100,0.01
manches,jajaja,1,1,1.0
hab√≠as,visto,1,4,0.25
visto,>,1,1,1.0
jajaja,est√°,1,76,0.013157894736842105
<,anda,1,445,0.0022471910112359553
anda,todo,1,2,0.5
todo,solo,1,8,0.125
solo,en,1,22,0.045454545454545456
escuela,>,1,2,0.5
si,pus,1,146,0.00684931506849315
pus,est√°,1,5,0.2
est√°,raro,1,19,0.05263157894736842
raro,yo,1,5,0.2
yo,pens√©,1,25,0.04
si,iba,1,146,0.00684931506849315
a,estar,1,146,0.00684931506849315
estar,cerrada,1,1,1.0
cerrada,>,1,1,1.0
le,preguntas,1,27,0.037037037037037035
preguntas,>,1,4,0.25
no,para,1,100,0.01
vayas,con,1,3,0.3333333333333333
con,pao,1,32,0.03125
pao,>,1,1,1.0
ma,>,1,4,0.25
pues,mejor,1,35,0.02857142857142857
mejor,>,1,6,0.16666666666666666
ma,se,1,4,0.25
se,pasa,1,39,0.02564102564102564
pasa,jajaja,1,2,0.5
jajajaja,fue,1,15,0.06666666666666667
fue,al,1,7,0.14285714285714285
al,rev√©s,1,8,0.125
rev√©s,pero,1,1,1.0
ma,pus,1,4,0.25
pus,tambi√©n,1,5,0.2
tambi√©n,lo,1,9,0.1111111111111111
lo,mandaron,1,115,0.008695652173913044
mandaron,al,1,1,1.0
grupo,por,1,5,0.2
eso,m√°s,1,26,0.038461538461538464
m√°s,pens√©,1,13,0.07692307692307693
lo,viste,1,115,0.008695652173913044
viste,>,1,1,1.0
jajaj,pus,1,25,0.04
pus,a,1,5,0.2
se,apura,1,39,0.02564102564102564
apura,a,1,1,1.0
decir,algo,1,7,0.14285714285714285
<,cu√°nto,1,445,0.0022471910112359553
cu√°nto,>,1,2,0.5
<,9,1,445,0.0022471910112359553
9,jajaja,1,1,1.0
hay,ya,1,8,0.125
ya,10,1,87,0.011494252873563218
jajajaj,y,1,15,0.06666666666666667
menos,con,1,3,0.3333333333333333
con,celis,1,32,0.03125
celis,>,1,3,0.3333333333333333
que,pas√≥,1,198,0.005050505050505051
pas√≥,jaja,1,2,0.5
cierto,xd,1,5,0.2
pero,porqu√©,1,57,0.017543859649122806
porqu√©,>,1,1,1.0
ma,jajaja,1,4,0.25
jajaja,perd√≥n,1,76,0.013157894736842105
perd√≥n,pero,1,2,0.5
pero,por,1,57,0.017543859649122806
te,vuelve,1,38,0.02631578947368421
vuelve,a,1,1,1.0
pasar,sip,1,4,0.25
si,va,1,146,0.00684931506849315
va,toda,1,21,0.047619047619047616
toda,la,1,1,1.0
la,chimalhuac√°n,1,84,0.011904761904761904
chimalhuac√°n,>,1,1,1.0
sip,ya,1,65,0.015384615384615385
le,met√≠,1,27,0.037037037037037035
met√≠,poquito,1,2,0.5
poquito,nada,1,1,1.0
nada,m√°s,1,31,0.03225806451612903
m√°s,de,1,13,0.07692307692307693
dec√≠a,chat,1,3,0.3333333333333333
chat,la,1,3,0.3333333333333333
la,mayor√≠a,1,84,0.011904761904761904
mayor√≠a,si,1,1,1.0
lo,escrib√≠,1,115,0.008695652173913044
escrib√≠,jaja,1,1,1.0
sip,mira,1,65,0.015384615384615385
a,jajaj,1,146,0.00684931506849315
jajaj,voy,1,25,0.04
no,son,1,100,0.01
son,iguales,1,5,0.2
iguales,pero,1,1,1.0
pero,alomejor,1,57,0.017543859649122806
alomejor,viene,1,3,0.3333333333333333
viene,algo,1,4,0.25
te,preguntan,1,38,0.02631578947368421
<,donde,1,445,0.0022471910112359553
donde,est√°n,1,7,0.14285714285714285
no,hab√≠a,1,100,0.01
hab√≠a,ning√∫n,1,1,1.0
ning√∫n,link,1,1,1.0
link,en,1,1,1.0
la,p√°gina,1,84,0.011904761904761904
p√°gina,de,1,1,1.0
de,escom,1,150,0.006666666666666667
escom,>,1,2,0.5
<,https://docs.google.com/forms/d/e/1faipqlsckhxmzxmolaye0gcatxz0yzupkbph95hryi9o60x9-ozzgvg/viewform,1,445,0.0022471910112359553
https://docs.google.com/forms/d/e/1faipqlsckhxmzxmolaye0gcatxz0yzupkbph95hryi9o60x9-ozzgvg/viewform,>,1,1,1.0
fuiste,xd,1,3,0.3333333333333333
ooooo,y,1,2,0.5
si,iremos,1,146,0.00684931506849315
iremos,>,1,1,1.0
sal√≠,jajaja,1,2,0.5
voy,entonces,1,23,0.043478260869565216
entonces,le,1,24,0.041666666666666664
le,mandan,1,27,0.037037037037037035
mandan,mensaje,1,1,1.0
mensaje,a,1,2,0.5
celis,no,1,3,0.3333333333333333
ya,alrratito,1,87,0.011494252873563218
alrratito,checamos,1,1,1.0
checamos,lo,1,2,0.5
de,como,1,150,0.006666666666666667
como,nos,1,21,0.047619047619047616
nos,repartimos,1,18,0.05555555555555555
repartimos,lo,1,1,1.0
dej√≥,mario,1,3,0.3333333333333333
mario,>,1,1,1.0
voy,jajaj,1,23,0.043478260869565216
qu√©,sal√≥n,1,5,0.2
sal√≥n,est√°n,1,5,0.2
que,explico,1,198,0.005050505050505051
explico,de,1,1,1.0
la,transformaci√≥n,1,84,0.011904761904761904
transformaci√≥n,digital,1,1,1.0
digital,el,1,1,1.0
el,maestro,1,74,0.013513513513513514
maestro,porfa,1,1,1.0
porfa,jajaj,1,6,0.16666666666666666
jajaja,üòÖ,1,76,0.013157894736842105
<,yap,1,445,0.0022471910112359553
<,ando,1,445,0.0022471910112359553
ando,afuera,1,4,0.25
afuera,en,1,2,0.5
pasillo,>,1,2,0.5
jajaja,voy,1,76,0.013157894736842105
voy,voy,1,23,0.043478260869565216
<,https://www.kaggle.com/datasets/ramjasmaurya/most-polluted-cities-and-countries-iqair-index/data?select=air+quality+index+%28by+cities%29+-+iqair.csv,1,445,0.0022471910112359553
https://www.kaggle.com/datasets/ramjasmaurya/most-polluted-cities-and-countries-iqair-index/data?select=air+quality+index+%28by+cities%29+-+iqair.csv,>,1,1,1.0
lo,pusiste,1,115,0.008695652173913044
pusiste,ahora,1,2,0.5
ahora,por,1,1,1.0
por,a√±os,1,25,0.04
a√±os,>,1,1,1.0
jajajaja,si,1,15,0.06666666666666667
lo,v√≠,1,115,0.008695652173913044
v√≠,medio,1,1,1.0
raro,xd,1,5,0.2
se,puede,1,39,0.02564102564102564
puede,jajaja,1,1,1.0
lo,dem√°s,1,115,0.008695652173913044
dem√°s,se,1,1,1.0
se,ve,1,39,0.02564102564102564
ve,bien,1,1,1.0
entonces,as√≠,1,24,0.041666666666666664
as√≠,dejalo,1,6,0.16666666666666666
dejalo,si,1,1,1.0
quieres,crees,1,24,0.041666666666666664
nos,diga,1,18,0.05555555555555555
diga,algo,1,1,1.0
se,est√°,1,39,0.02564102564102564
est√°,representando,1,19,0.05263157894736842
representando,por,1,1,1.0
por,meses,1,25,0.04
meses,>,1,1,1.0
sip,por,1,65,0.015384615384615385
el,clasroom,1,74,0.013513513513513514
clasroom,>,1,1,1.0
hay,no,1,8,0.125
se,jajaja,1,39,0.02564102564102564
jajaja,deja,1,76,0.013157894736842105
veo,si,1,6,0.16666666666666666
si,la,1,146,0.00684931506849315
tengo,üòÖ,1,8,0.125
el,dataset,1,74,0.013513513513513514
dataset,que,1,1,1.0
que,ocupamos,1,198,0.005050505050505051
ocupamos,>,1,1,1.0
no,la,1,100,0.01
tengo,no,1,8,0.125
no,le,1,100,0.01
le,tomaste,1,27,0.037037037037037035
tomaste,foto,1,1,1.0
maaa,jajaja,1,2,0.5
sip,va,1,65,0.015384615384615385
sale,la,1,2,0.5
la,√∫ltima,1,84,0.011904761904761904
√∫ltima,gr√°fica,1,2,0.5
gr√°fica,no,1,1,1.0
s√©,porque,1,9,0.1111111111111111
porque,me,1,28,0.03571428571428571
sale,como,1,2,0.5
como,volteada,1,21,0.047619047619047616
volteada,>,1,1,1.0
<,olv√≠dalo,1,445,0.0022471910112359553
olv√≠dalo,ya,1,1,1.0
ya,resolv√≠,1,87,0.011494252873563218
resolv√≠,jajaja,1,1,1.0
<,se,1,445,0.0022471910112359553
se,pone,1,39,0.02564102564102564
pone,que,1,1,1.0
que,buscarlo,1,198,0.005050505050505051
buscarlo,jajaja,1,1,1.0
pero,se,1,57,0.017543859649122806
lo,ped√≠,1,115,0.008695652173913044
ped√≠,a,1,1,1.0
a,chat,1,146,0.00684931506849315
chat,xd,1,3,0.3333333333333333
los,valores,1,44,0.022727272727272728
valores,solo,1,1,1.0
solo,los,1,22,0.045454545454545456
los,invent√©,1,44,0.022727272727272728
invent√©,jajah,1,1,1.0
jajah,>,1,1,1.0
sip,xd,1,65,0.015384615384615385
entonces,ma√±ana,1,24,0.041666666666666664
ma√±ana,si,1,15,0.06666666666666667
a,armar,1,146,0.00684931506849315
armar,algo,1,1,1.0
del,sushi,1,32,0.03125
sushi,o,1,1,1.0
jajajaj,vava,1,15,0.06666666666666667
vava,xd,1,17,0.058823529411764705
yo,solo,1,25,0.04
solo,sub√≠,1,22,0.045454545454545456
sub√≠,las,1,1,1.0
respuestas,>,1,3,0.3333333333333333
<,rayosss,1,445,0.0022471910112359553
rayosss,pues,1,1,1.0
pues,a,1,35,0.02857142857142857
si,ma√±ana,1,146,0.00684931506849315
ma√±ana,nos,1,15,0.06666666666666667
nos,dice,1,18,0.05555555555555555
dice,algo,1,6,0.16666666666666666
d√≥nde,los,1,6,0.16666666666666666
<,baje,1,445,0.0022471910112359553
baje,a,1,1,1.0
ba√±os,>,1,2,0.5
oye,jaja,1,65,0.015384615384615385
jaja,crees,1,62,0.016129032258064516
me,puedas,1,33,0.030303030303030304
puedas,pasar,1,1,1.0
pasar,el,1,4,0.25
el,nombre,1,74,0.013513513513513514
nombre,contacto,1,2,0.5
contacto,direcci√≥n,1,1,1.0
direcci√≥n,y,1,1,1.0
y,precio,1,85,0.011764705882352941
precio,de,1,1,1.0
de,tu,1,150,0.006666666666666667
tu,dermat√≥logo,1,9,0.1111111111111111
dermat√≥logo,xd,1,1,1.0
xd,porfa,1,42,0.023809523809523808
vavava,chi,1,5,0.2
maaa,si,1,2,0.5
si,definitivamente,1,146,0.00684931506849315
definitivamente,se,1,1,1.0
se,te,1,39,0.02564102564102564
te,quit√≥,1,38,0.02631578947368421
quit√≥,la,1,1,1.0
la,pena,1,84,0.011904761904761904
pena,jajajaj,1,1,1.0
lo,bueno,1,115,0.008695652173913044
bueno,que,1,31,0.03225806451612903
la,conseguiste,1,84,0.011904761904761904
conseguiste,xd,1,2,0.5
<,https://www.linkedin.com/jobs/view/4029656526,1,445,0.0022471910112359553
https://www.linkedin.com/jobs/view/4029656526,>,1,1,1.0
<,el,1,445,0.0022471910112359553
modelo,sigue,1,2,0.5
sigue,un,1,1,1.0
un,patr√≥n,1,10,0.1
patr√≥n,tendencia,1,1,1.0
tendencia,parecido,1,1,1.0
parecido,a,1,1,1.0
datos,de,1,7,0.14285714285714285
serie,original,1,2,0.5
original,y,1,1,1.0
en,comparaci√≥n,1,47,0.02127659574468085
comparaci√≥n,con,1,1,1.0
con,los,1,32,0.03125
anteriores,es,1,2,0.5
modelo,m√°s,1,2,0.5
m√°s,apropiado,1,13,0.07692307692307693
apropiado,para,1,1,1.0
para,reproducir,1,29,0.034482758620689655
reproducir,las,1,1,1.0
las,propiedades,1,29,0.034482758620689655
propiedades,de,1,1,1.0
serie,de,1,2,0.5
de,tiempo,1,150,0.006666666666666667
<,sin,1,445,0.0022471910112359553
sin,embargo,1,3,0.3333333333333333
embargo,la,1,1,1.0
la,aproximaci√≥n,1,84,0.011904761904761904
aproximaci√≥n,no,1,1,1.0
es,completamente,1,67,0.014925373134328358
completamente,similar,1,1,1.0
similar,y,1,1,1.0
y,por,1,85,0.011764705882352941
lo,tanto,1,115,0.008695652173913044
tanto,a√∫n,1,2,0.5
a√∫n,existen,1,5,0.2
existen,residuos,1,1,1.0
residuos,que,1,1,1.0
que,evitar√°n,1,198,0.005050505050505051
evitar√°n,la,1,1,1.0
la,reproducci√≥n,1,84,0.011904761904761904
reproducci√≥n,total,1,1,1.0
total,de,1,2,0.5
datos,>,1,7,0.14285714285714285
jaja,esa,1,62,0.016129032258064516
esa,>,1,3,0.3333333333333333
no,aguanta,1,100,0.01
aguanta,son,1,1,1.0
son,distintas,1,5,0.2
distintas,preguntas,1,1,1.0
preguntas,jajaja,1,4,0.25
jajaj,esa,1,25,0.04
esa,si,1,3,0.3333333333333333
quieres,la,1,24,0.041666666666666664
ver,le,1,14,0.07142857142857142
<,jajajja,1,445,0.0022471910112359553
jajajja,que,1,1,1.0
que,>,1,198,0.005050505050505051
a,que,1,146,0.00684931506849315
refiere,la,1,2,0.5
la,ultima,1,84,0.011904761904761904
ultima,pregunta,1,1,1.0
pregunta,es,1,3,0.3333333333333333
eso,pero,1,26,0.038461538461538464
refiere,a,1,2,0.5
a,eso,1,146,0.00684931506849315
<,jajajjaja,1,445,0.0022471910112359553
jajajjaja,a,1,1,1.0
qued√≥,igual,1,7,0.14285714285714285
igual,le,1,13,0.07692307692307693
puse,conclusiones,1,7,0.14285714285714285
conclusiones,pero,1,1,1.0
quieras,agregarle,1,3,0.3333333333333333
agregarle,algo,1,1,1.0
algo,m√°s,1,15,0.06666666666666667
m√°s,>,1,13,0.07692307692307693
bueno,mejor,1,31,0.03225806451612903
mejor,ya,1,6,0.16666666666666666
as√≠,jajajaj,1,6,0.16666666666666666
jajajaj,ya,1,15,0.06666666666666667
a,subir,1,146,0.00684931506849315
subir,xd,1,3,0.3333333333333333
oye,ernesto,1,65,0.015384615384615385
ernesto,ya,1,10,0.1
fue,>,1,7,0.14285714285714285
<,afuera,1,445,0.0022471910112359553
afuera,de,1,2,0.5
mi,sal√≥n,1,9,0.1111111111111111
sal√≥n,jajaja,1,5,0.2
puedes,hacer,1,2,0.5
hacer,admin,1,11,0.09090909090909091
admin,tambi√©n,1,1,1.0
tambi√©n,en,1,9,0.1111111111111111
grupo,del,1,5,0.2
del,tt,1,32,0.03125
tt,para,1,1,1.0
para,agregar,1,29,0.034482758620689655
agregar,a,1,2,0.5
celis,jeje,1,3,0.3333333333333333
jeje,>,1,2,0.5
jajaj,gracias,1,25,0.04
gracias,y,1,29,0.034482758620689655
y,ntp,1,85,0.011764705882352941
la,sala,1,84,0.011904761904761904
sala,14,1,1,1.0
14,por,1,1,1.0
por,ah√≠,1,25,0.04
ah√≠,por,1,10,0.1
por,d√≥nde,1,25,0.04
d√≥nde,√≠bamos,1,6,0.16666666666666666
√≠bamos,todo,1,1,1.0
todo,derecho,1,8,0.125
derecho,hasta,1,1,1.0
√∫ltimo,sal√≥n,1,2,0.5
sal√≥n,jajaj,1,5,0.2
ir,temprano,1,8,0.125
temprano,>,1,1,1.0
si,sabes,1,146,0.00684931506849315
sabes,d√≥nde,1,3,0.3333333333333333
d√≥nde,es,1,6,0.16666666666666666
es,>,1,67,0.014925373134328358
un,lab,1,10,0.1
lab,de,1,4,0.25
de,sistemas,1,150,0.006666666666666667
sistemas,>,1,1,1.0
jajaja,mejor,1,76,0.013157894736842105
mejor,ahorita,1,6,0.16666666666666666
la,doy,1,84,0.011904761904761904
doy,acabando,1,3,0.3333333333333333
acabando,la,1,1,1.0
clase,ya,1,3,0.3333333333333333
ya,luego,1,87,0.011494252873563218
luego,luego,1,3,0.3333333333333333
luego,>,1,3,0.3333333333333333
chi,de,1,5,0.2
oye,mejor,1,65,0.015384615384615385
ir,tambi√©n,1,8,0.125
tambi√©n,de,1,9,0.1111111111111111
una,vez,1,5,0.2
vez,>,1,1,1.0
mmmm,gracias,1,3,0.3333333333333333
gracias,por,1,29,0.034482758620689655
por,nada,1,25,0.04
jajajaja,no,1,15,0.06666666666666667
cierto,est√°,1,5,0.2
<,abr√≠,1,445,0.0022471910112359553
abr√≠,chat,1,1,1.0
chat,en,1,3,0.3333333333333333
la,compu,1,84,0.011904761904761904
compu,del,1,1,1.0
del,lab,1,32,0.03125
lab,y,1,4,0.25
mira,jajajaja,1,5,0.2
si,jajajaja,1,146,0.00684931506849315
jajajaja,ya,1,15,0.06666666666666667
ya,de,1,87,0.011494252873563218
una,xd,1,5,0.2
pero,ch√©calos,1,57,0.017543859649122806
ch√©calos,jajajaja,1,1,1.0
jajajaja,a,1,15,0.06666666666666667
no,hice,1,100,0.01
hice,algo,1,3,0.3333333333333333
algo,raro,1,15,0.06666666666666667
raro,>,1,5,0.2
bueno,:3,1,31,0.03225806451612903
vavav,sip,1,5,0.2
ahorita,checo,1,19,0.05263157894736842
checo,solo,1,5,0.2
solo,eso,1,22,0.045454545454545456
digo,si,1,6,0.16666666666666666
sip,:3,1,65,0.015384615384615385
oye,jajaja,1,65,0.015384615384615385
jajaja,cuando,1,76,0.013157894736842105
llegues,a,1,2,0.5
a,panti,1,146,0.00684931506849315
panti,y,1,1,1.0
y,vayas,1,85,0.011764705882352941
vayas,caminando,1,3,0.3333333333333333
caminando,por,1,1,1.0
pasillo,ya,1,2,0.5
ya,para,1,87,0.011494252873563218
el,mexi,1,74,0.013513513513513514
mexi,f√≠jate,1,1,1.0
f√≠jate,en,1,1,1.0
los,puestos,1,44,0.022727272727272728
puestos,donde,1,1,1.0
donde,venden,1,7,0.14285714285714285
venden,cosas,1,1,1.0
cosas,en,1,3,0.3333333333333333
el,13,1,74,0.013513513513513514
13,hay,1,1,1.0
hay,un,1,8,0.125
un,peluchito,1,10,0.1
peluchito,del,1,1,1.0
del,jack,1,32,0.03125
jack,por,1,1,1.0
ver,jajajaj,1,14,0.07142857142857142
<,eliminaste,1,445,0.0022471910112359553
eliminaste,este,1,1,1.0
este,mensaje,1,8,0.125
mensaje,>,1,2,0.5
sal√≠,los,1,2,0.5
veo,en,1,6,0.16666666666666666
ba√±os,de,1,2,0.5
de,abajo,1,150,0.006666666666666667
abajo,>,1,2,0.5
a,jajajajaj,1,146,0.00684931506849315
jajajajaj,bueno,1,1,1.0
bueno,entonces,1,31,0.03225806451612903
entonces,donde,1,24,0.041666666666666664
donde,los,1,7,0.14285714285714285
veo,xd,1,6,0.16666666666666666
a,para,1,146,0.00684931506849315
para,ma√±ana,1,29,0.034482758620689655
ma√±ana,y,1,15,0.06666666666666667
de,investigar,1,150,0.006666666666666667
investigar,sobre,1,1,1.0
sobre,las,1,1,1.0
las,big,1,29,0.034482758620689655
big,four,1,1,1.0
four,>,1,1,1.0
oye,al,1,65,0.015384615384615385
al,ej√©rcicio,1,8,0.125
ej√©rcicio,5,1,1,1.0
5,te,1,3,0.3333333333333333
te,falt√≥,1,38,0.02631578947368421
falt√≥,aplicarle,1,2,0.5
aplicarle,el,1,1,1.0
el,toffoli,1,74,0.013513513513513514
toffoli,que,1,1,1.0
el,ccnot,1,74,0.013513513513513514
ccnot,>,1,1,1.0
<,puso,1,445,0.0022471910112359553
puso,eso,1,2,0.5
si,seg√∫n,1,146,0.00684931506849315
